{"assets":[],"layers":[{"ddd":0,"ind":0,"ty":4,"nm":"形状图层 11","ks":{"o":{"k":100},"r":{"k":0},"p":{"k":[408,186,0]},"a":{"k":[0,0,0]},"s":{"k":[100,100,100]}},"ao":0,"shapes":[],"ip":0,"op":140,"st":0,"bm":0,"sr":1},{"ddd":0,"ind":1,"ty":4,"nm":"“o 6”轮廓","parent":3,"ks":{"o":{"k":[{"i":{"x":[0.833],"y":[0.833]},"o":{"x":[0.167],"y":[0.167]},"n":["0p833_0p833_0p167_0p167"],"t":46,"s":[0],"e":[100]},{"t":47}]},"r":{"k":0},"p":{"k":[24.814,-62.359,0]},"a":{"k":[22.808,-61.369,0]},"s":{"k":[98,102,100]}},"ao":0,"shapes":[{"ty":"gr","it":[{"ind":0,"ty":"sh","ks":{"k":{"i":[[-14.758,0],[0,19.476],[0,0],[14.758,0],[0,-19.355],[0,0]],"o":[[14.154,0],[0,0],[0,-19.476],[-14.033,0],[0,0],[0,19.476]],"v":[[30.968,-4.839],[56.13,-34.235],[56.13,-35.323],[30.968,-64.235],[5.928,-35.081],[5.928,-33.751]],"c":true}},"nm":"o","mn":"ADBE Vector Shape - Group"},{"ind":1,"ty":"sh","ks":{"k":{"i":[[12.944,0],[0,17.904],[0,0],[-12.823,0],[0,-18.508],[0,0]],"o":[[-12.944,0],[0,0],[0,-17.42],[12.944,0],[0,0],[0,17.783]],"v":[[30.968,-7.379],[8.831,-33.509],[8.831,-35.202],[30.968,-61.695],[53.227,-35.565],[53.227,-33.993]],"c":true}},"nm":"o","mn":"ADBE Vector Shape - Group"},{"ty":"mm","mm":1,"nm":"合并路径 1","mn":"ADBE Vector Filter - Merge"},{"ty":"fl","fillEnabled":true,"c":{"k":[0,0,0,1]},"o":{"k":100},"nm":"填充 1","mn":"ADBE Vector Graphic - Fill"},{"ty":"tr","p":{"k":[0,0],"ix":2},"a":{"k":[0,0],"ix":1},"s":{"k":[100,100],"ix":3},"r":{"k":0,"ix":6},"o":{"k":100,"ix":7},"sk":{"k":0,"ix":4},"sa":{"k":0,"ix":5},"nm":"变换"}],"nm":"o","np":5,"mn":"ADBE Vector Group"}],"ip":0,"op":140,"st":0,"bm":0,"sr":1},{"ddd":0,"ind":2,"ty":4,"nm":"“o 5”轮廓","parent":3,"ks":{"o":{"k":[{"i":{"x":[0.833],"y":[0.833]},"o":{"x":[0.167],"y":[0.167]},"n":["0p833_0p833_0p167_0p167"],"t":46,"s":[0],"e":[100]},{"t":47}]},"r":{"k":0},"p":{"k":[30.928,-60.228,0]},"a":{"k":[26.294,-61.781,0]},"s":{"k":[98,102,100]}},"ao":0,"shapes":[{"ty":"gr","it":[{"ind":0,"ty":"sh","ks":{"k":{"i":[[-14.758,0],[0,19.476],[0,0],[14.758,0],[0,-19.355],[0,0]],"o":[[14.154,0],[0,0],[0,-19.476],[-14.033,0],[0,0],[0,19.476]],"v":[[30.968,-4.839],[56.13,-34.235],[56.13,-35.323],[30.968,-64.235],[5.928,-35.081],[5.928,-33.751]],"c":true}},"nm":"o","mn":"ADBE Vector Shape - Group"},{"ind":1,"ty":"sh","ks":{"k":{"i":[[12.944,0],[0,17.904],[0,0],[-12.823,0],[0,-18.508],[0,0]],"o":[[-12.944,0],[0,0],[0,-17.42],[12.944,0],[0,0],[0,17.783]],"v":[[30.968,-7.379],[8.831,-33.509],[8.831,-35.202],[30.968,-61.695],[53.227,-35.565],[53.227,-33.993]],"c":true}},"nm":"o","mn":"ADBE Vector Shape - Group"},{"ty":"mm","mm":1,"nm":"合并路径 1","mn":"ADBE Vector Filter - Merge"},{"ty":"fl","fillEnabled":true,"c":{"k":[0,0,0,1]},"o":{"k":100},"nm":"填充 1","mn":"ADBE Vector Graphic - Fill"},{"ty":"tr","p":{"k":[0,0],"ix":2},"a":{"k":[0,0],"ix":1},"s":{"k":[100,100],"ix":3},"r":{"k":0,"ix":6},"o":{"k":100,"ix":7},"sk":{"k":0,"ix":4},"sa":{"k":0,"ix":5},"nm":"变换"}],"nm":"o","np":5,"mn":"ADBE Vector Group"}],"ip":0,"op":140,"st":0,"bm":0,"sr":1},{"ddd":0,"ind":3,"ty":4,"nm":"“o 4”轮廓","ks":{"o":{"k":[{"i":{"x":[0.833],"y":[0.833]},"o":{"x":[0.167],"y":[0.167]},"n":["0p833_0p833_0p167_0p167"],"t":46,"s":[0],"e":[100]},{"t":47}]},"r":{"k":0},"p":{"k":[{"i":{"x":0.833,"y":0.833},"o":{"x":0.167,"y":0.167},"n":"0p833_0p833_0p167_0p167","t":41,"s":[537.5,322,0],"e":[537.5,352,0],"to":[0,5,0],"ti":[0,-5,0]},{"t":47}]},"a":{"k":[24.006,-4.974,0]},"s":{"k":[{"i":{"x":[0.667,0.667,0.667],"y":[1,1,0.667]},"o":{"x":[0.333,0.333,0.333],"y":[0,0,0.333]},"n":["0p667_1_0p333_0","0p667_1_0p333_0","0p667_0p667_0p333_0p333"],"t":41,"s":[100,100,100],"e":[116,70,100]},{"i":{"x":[0.667,0.667,0.667],"y":[1,1,0.667]},"o":{"x":[0.333,0.333,0.333],"y":[0,0,0.333]},"n":["0p667_1_0p333_0","0p667_1_0p333_0","0p667_0p667_0p333_0p333"],"t":47,"s":[116,70,100],"e":[95,105,100]},{"i":{"x":[0.667,0.667,0.667],"y":[1,1,0.667]},"o":{"x":[0.333,0.333,0.333],"y":[0,0,0.333]},"n":["0p667_1_0p333_0","0p667_1_0p333_0","0p667_0p667_0p333_0p333"],"t":52,"s":[95,105,100],"e":[106,90,100]},{"i":{"x":[0.667,0.667,0.667],"y":[1,1,0.667]},"o":{"x":[0.333,0.333,0.333],"y":[0,0,0.333]},"n":["0p667_1_0p333_0","0p667_1_0p333_0","0p667_0p667_0p333_0p333"],"t":56,"s":[106,90,100],"e":[98,100,100]},{"t":60}]}},"ao":0,"shapes":[{"ty":"gr","it":[{"ind":0,"ty":"sh","ks":{"k":{"i":[[-14.758,0],[0,19.476],[0,0],[14.758,0],[0,-19.355],[0,0]],"o":[[14.154,0],[0,0],[0,-19.476],[-14.033,0],[0,0],[0,19.476]],"v":[[30.968,-4.839],[56.13,-34.235],[56.13,-35.323],[30.968,-64.235],[5.928,-35.081],[5.928,-33.751]],"c":true}},"nm":"o","mn":"ADBE Vector Shape - Group"},{"ind":1,"ty":"sh","ks":{"k":{"i":[[12.944,0],[0,17.904],[0,0],[-12.823,0],[0,-18.508],[0,0]],"o":[[-12.944,0],[0,0],[0,-17.42],[12.944,0],[0,0],[0,17.783]],"v":[[30.968,-7.379],[8.831,-33.509],[8.831,-35.202],[30.968,-61.695],[53.227,-35.565],[53.227,-33.993]],"c":true}},"nm":"o","mn":"ADBE Vector Shape - Group"},{"ty":"mm","mm":1,"nm":"合并路径 1","mn":"ADBE Vector Filter - Merge"},{"ty":"fl","fillEnabled":true,"c":{"k":[0,0,0,1]},"o":{"k":100},"nm":"填充 1","mn":"ADBE Vector Graphic - Fill"},{"ty":"tr","p":{"k":[0,0],"ix":2},"a":{"k":[0,0],"ix":1},"s":{"k":[100,100],"ix":3},"r":{"k":0,"ix":6},"o":{"k":100,"ix":7},"sk":{"k":0,"ix":4},"sa":{"k":0,"ix":5},"nm":"变换"}],"nm":"o","np":5,"mn":"ADBE Vector Group"}],"ip":0,"op":140,"st":0,"bm":0,"sr":1},{"ddd":0,"ind":4,"ty":4,"nm":"“o 3”轮廓","parent":6,"ks":{"o":{"k":[{"i":{"x":[0.833],"y":[0.833]},"o":{"x":[0.167],"y":[0.167]},"n":["0p833_0p833_0p167_0p167"],"t":46,"s":[100],"e":[0]},{"t":47}]},"r":{"k":0},"p":{"k":[24.08,-61.869,0]},"a":{"k":[22.808,-61.369,0]},"s":{"k":[100,100,100]}},"ao":0,"shapes":[{"ty":"gr","it":[{"ind":0,"ty":"sh","ks":{"k":{"i":[[-14.758,0],[0,19.476],[0,0],[14.758,0],[0,-19.355],[0,0]],"o":[[14.154,0],[0,0],[0,-19.476],[-14.033,0],[0,0],[0,19.476]],"v":[[30.968,-4.839],[56.13,-34.235],[56.13,-35.323],[30.968,-64.235],[5.928,-35.081],[5.928,-33.751]],"c":true}},"nm":"o","mn":"ADBE Vector Shape - Group"},{"ind":1,"ty":"sh","ks":{"k":{"i":[[12.944,0],[0,17.904],[0,0],[-12.823,0],[0,-18.508],[0,0]],"o":[[-12.944,0],[0,0],[0,-17.42],[12.944,0],[0,0],[0,17.783]],"v":[[30.968,-7.379],[8.831,-33.509],[8.831,-35.202],[30.968,-61.695],[53.227,-35.565],[53.227,-33.993]],"c":true}},"nm":"o","mn":"ADBE Vector Shape - Group"},{"ty":"mm","mm":1,"nm":"合并路径 1","mn":"ADBE Vector Filter - Merge"},{"ty":"fl","fillEnabled":true,"c":{"k":[0,0,0,1]},"o":{"k":100},"nm":"填充 1","mn":"ADBE Vector Graphic - Fill"},{"ty":"tr","p":{"k":[0,0],"ix":2},"a":{"k":[0,0],"ix":1},"s":{"k":[100,100],"ix":3},"r":{"k":0,"ix":6},"o":{"k":100,"ix":7},"sk":{"k":0,"ix":4},"sa":{"k":0,"ix":5},"nm":"变换"}],"nm":"o","np":5,"mn":"ADBE Vector Group"}],"ip":0,"op":140,"st":0,"bm":0,"sr":1},{"ddd":0,"ind":5,"ty":4,"nm":"“o 2”轮廓","parent":6,"ks":{"o":{"k":[{"i":{"x":[0.833],"y":[0.833]},"o":{"x":[0.167],"y":[0.167]},"n":["0p833_0p833_0p167_0p167"],"t":46,"s":[100],"e":[0]},{"t":47}]},"r":{"k":0},"p":{"k":[23.38,-63.281,0]},"a":{"k":[26.294,-61.781,0]},"s":{"k":[100,100,100]}},"ao":0,"shapes":[{"ty":"gr","it":[{"ind":0,"ty":"sh","ks":{"k":{"i":[[-14.758,0],[0,19.476],[0,0],[14.758,0],[0,-19.355],[0,0]],"o":[[14.154,0],[0,0],[0,-19.476],[-14.033,0],[0,0],[0,19.476]],"v":[[30.968,-4.839],[56.13,-34.235],[56.13,-35.323],[30.968,-64.235],[5.928,-35.081],[5.928,-33.751]],"c":true}},"nm":"o","mn":"ADBE Vector Shape - Group"},{"ind":1,"ty":"sh","ks":{"k":{"i":[[12.944,0],[0,17.904],[0,0],[-12.823,0],[0,-18.508],[0,0]],"o":[[-12.944,0],[0,0],[0,-17.42],[12.944,0],[0,0],[0,17.783]],"v":[[30.968,-7.379],[8.831,-33.509],[8.831,-35.202],[30.968,-61.695],[53.227,-35.565],[53.227,-33.993]],"c":true}},"nm":"o","mn":"ADBE Vector Shape - Group"},{"ty":"mm","mm":1,"nm":"合并路径 1","mn":"ADBE Vector Filter - Merge"},{"ty":"fl","fillEnabled":true,"c":{"k":[0,0,0,1]},"o":{"k":100},"nm":"填充 1","mn":"ADBE Vector Graphic - Fill"},{"ty":"tr","p":{"k":[0,0],"ix":2},"a":{"k":[0,0],"ix":1},"s":{"k":[100,100],"ix":3},"r":{"k":0,"ix":6},"o":{"k":100,"ix":7},"sk":{"k":0,"ix":4},"sa":{"k":0,"ix":5},"nm":"变换"}],"nm":"o","np":5,"mn":"ADBE Vector Group"}],"ip":0,"op":140,"st":0,"bm":0,"sr":1},{"ddd":0,"ind":6,"ty":4,"nm":"“o”轮廓","ks":{"o":{"k":[{"i":{"x":[0.833],"y":[0.833]},"o":{"x":[0.167],"y":[0.167]},"n":["0p833_0p833_0p167_0p167"],"t":46,"s":[100],"e":[0]},{"t":47}]},"r":{"k":[{"i":{"x":[0.072],"y":[1]},"o":{"x":[0.333],"y":[0]},"n":["0p072_1_0p333_0"],"t":18,"s":[0],"e":[-14]},{"i":{"x":[0.238],"y":[0.989]},"o":{"x":[0.333],"y":[0]},"n":["0p238_0p989_0p333_0"],"t":25,"s":[-14],"e":[13.704]},{"i":{"x":[0.213],"y":[1.025]},"o":{"x":[0.333],"y":[0]},"n":["0p213_1p025_0p333_0"],"t":30,"s":[13.704],"e":[-5.296]},{"i":{"x":[0.162],"y":[1]},"o":{"x":[0.333],"y":[0]},"n":["0p162_1_0p333_0"],"t":35,"s":[-5.296],"e":[11.704]},{"i":{"x":[0.162],"y":[1.006]},"o":{"x":[0.333],"y":[0]},"n":["0p162_1p006_0p333_0"],"t":39,"s":[11.704],"e":[-4.296]},{"i":{"x":[0.225],"y":[1]},"o":{"x":[0.333],"y":[0]},"n":["0p225_1_0p333_0"],"t":42,"s":[-4.296],"e":[0]},{"t":44}]},"p":{"k":[{"i":{"x":0.833,"y":0.833},"o":{"x":1,"y":0.024},"n":"0p833_0p833_1_0p024","t":0,"s":[538,197,0],"e":[538,264,0],"to":[0,11.1666669845581,0],"ti":[0,-11.1666669845581,0]},{"i":{"x":0.833,"y":0.833},"o":{"x":0.167,"y":0.167},"n":"0p833_0p833_0p167_0p167","t":20,"s":[538,264,0],"e":[538,264,0],"to":[0,0,0],"ti":[0,0,0]},{"i":{"x":0.833,"y":0.833},"o":{"x":0.868,"y":0},"n":"0p833_0p833_0p868_0","t":41,"s":[538,264,0],"e":[538,294,0],"to":[0,5,0],"ti":[0,-5,0]},{"t":47}]},"a":{"k":[24.463,-62.974,0]},"s":{"k":[100,100,100]}},"ao":0,"shapes":[{"ty":"gr","it":[{"ind":0,"ty":"sh","ks":{"k":{"i":[[-14.758,0],[0,19.476],[0,0],[14.758,0],[0,-19.355],[0,0]],"o":[[14.154,0],[0,0],[0,-19.476],[-14.033,0],[0,0],[0,19.476]],"v":[[30.968,-4.839],[56.13,-34.235],[56.13,-35.323],[30.968,-64.235],[5.928,-35.081],[5.928,-33.751]],"c":true}},"nm":"o","mn":"ADBE Vector Shape - Group"},{"ind":1,"ty":"sh","ks":{"k":{"i":[[12.944,0],[0,17.904],[0,0],[-12.823,0],[0,-18.508],[0,0]],"o":[[-12.944,0],[0,0],[0,-17.42],[12.944,0],[0,0],[0,17.783]],"v":[[30.968,-7.379],[8.831,-33.509],[8.831,-35.202],[30.968,-61.695],[53.227,-35.565],[53.227,-33.993]],"c":true}},"nm":"o","mn":"ADBE Vector Shape - Group"},{"ty":"mm","mm":1,"nm":"合并路径 1","mn":"ADBE Vector Filter - Merge"},{"ty":"fl","fillEnabled":true,"c":{"k":[0,0,0,1]},"o":{"k":100},"nm":"填充 1","mn":"ADBE Vector Graphic - Fill"},{"ty":"tr","p":{"k":[0,0],"ix":2},"a":{"k":[0,0],"ix":1},"s":{"k":[100,100],"ix":3},"r":{"k":0,"ix":6},"o":{"k":100,"ix":7},"sk":{"k":0,"ix":4},"sa":{"k":0,"ix":5},"nm":"变换"}],"nm":"o","np":5,"mn":"ADBE Vector Group"}],"ip":0,"op":140,"st":0,"bm":0,"sr":1},{"ddd":0,"ind":7,"ty":4,"nm":"“Coming so 3”轮廓","ks":{"o":{"k":100},"r":{"k":0},"p":{"k":[60.5,356,0]},"a":{"k":[0,0,0]},"s":{"k":[100,100,100]}},"ao":0,"shapes":[{"ty":"gr","it":[{"ind":0,"ty":"sh","ks":{"k":{"i":[[-22.017,0],[-3.992,2.177],[0,0],[10.645,0],[0,24.315],[0,0],[-19.718,0],[-4.839,-2.54],[0,0],[9.315,0],[0,-26.13],[0,0]],"o":[[11.371,0],[0,0],[-4.718,2.661],[-20.565,0],[0,0],[0,-24.436],[8.71,0],[0,0],[-4.476,-2.54],[-21.654,0],[0,0],[0,25.888]],"v":[[39.315,-4.96],[60.606,-10.282],[60.606,-13.186],[39.557,-7.742],[9.799,-44.88],[9.799,-46.937],[40.888,-83.591],[60.122,-79.236],[60.122,-82.018],[40.888,-86.373],[6.653,-46.574],[6.653,-45.001]],"c":true}},"nm":"C","mn":"ADBE Vector Shape - Group"},{"ty":"fl","fillEnabled":true,"c":{"k":[0,0,0,1]},"o":{"k":100},"nm":"填充 1","mn":"ADBE Vector Graphic - Fill"},{"ty":"tr","p":{"k":[0,0],"ix":2},"a":{"k":[0,0],"ix":1},"s":{"k":[100,100],"ix":3},"r":{"k":0,"ix":6},"o":{"k":100,"ix":7},"sk":{"k":0,"ix":4},"sa":{"k":0,"ix":5},"nm":"变换"}],"nm":"C","np":3,"mn":"ADBE Vector Group"},{"ty":"gr","it":[{"ind":0,"ty":"sh","ks":{"k":{"i":[[-14.758,0],[0,19.476],[0,0],[14.758,0],[0,-19.355],[0,0]],"o":[[14.154,0],[0,0],[0,-19.476],[-14.033,0],[0,0],[0,19.476]],"v":[[93.07,-4.839],[118.232,-34.235],[118.232,-35.323],[93.07,-64.235],[68.029,-35.081],[68.029,-33.751]],"c":true}},"nm":"o","mn":"ADBE Vector Shape - Group"},{"ind":1,"ty":"sh","ks":{"k":{"i":[[12.944,0],[0,17.904],[0,0],[-12.823,0],[0,-18.508],[0,0]],"o":[[-12.944,0],[0,0],[0,-17.42],[12.944,0],[0,0],[0,17.783]],"v":[[93.07,-7.379],[70.932,-33.509],[70.932,-35.202],[93.07,-61.695],[115.328,-35.565],[115.328,-33.993]],"c":true}},"nm":"o","mn":"ADBE Vector Shape - Group"},{"ty":"mm","mm":1,"nm":"合并路径 1","mn":"ADBE Vector Filter - Merge"},{"ty":"fl","fillEnabled":true,"c":{"k":[0,0,0,1]},"o":{"k":100},"nm":"填充 1","mn":"ADBE Vector Graphic - Fill"},{"ty":"tr","p":{"k":[0,0],"ix":2},"a":{"k":[0,0],"ix":1},"s":{"k":[100,100],"ix":3},"r":{"k":0,"ix":6},"o":{"k":100,"ix":7},"sk":{"k":0,"ix":4},"sa":{"k":0,"ix":5},"nm":"变换"}],"nm":"o","np":5,"mn":"ADBE Vector Group"},{"ty":"gr","it":[{"ind":0,"ty":"sh","ks":{"k":{"i":[[0,0],[0,0],[0,0],[-6.532,0],[0,-9.557],[0,0],[0,0],[0,0],[0.484,1.694],[-5.807,0],[0,-9.557],[0,0],[0,0],[0,0],[9.436,0],[8.226,-5.202],[0,0],[6.774,0],[7.137,-4.355],[0,0],[0,0],[0,0]],"o":[[0,0],[0,0],[7.016,-4.597],[8.468,0],[0,0],[0,0],[0,0],[0,-2.419],[7.742,-4.718],[8.589,0],[0,0],[0,0],[0,0],[0,-10.887],[-6.29,0],[0,0],[-2.419,-4.597],[-6.411,0],[0,0],[0,0],[0,0],[0,0]],"v":[[127.997,-5.686],[131.021,-5.686],[131.021,-54.921],[150.981,-61.574],[163.925,-48.63],[163.925,-5.686],[167.07,-5.686],[167.07,-49.114],[166.223,-55.042],[186.426,-61.574],[200.216,-48.63],[200.216,-5.686],[203.119,-5.686],[203.119,-49.114],[187.272,-64.235],[165.74,-57.34],[165.498,-57.34],[151.586,-64.235],[131.142,-57.703],[130.9,-57.703],[130.9,-63.389],[127.997,-63.389]],"c":true}},"nm":"m","mn":"ADBE Vector Shape - Group"},{"ty":"fl","fillEnabled":true,"c":{"k":[0,0,0,1]},"o":{"k":100},"nm":"填充 1","mn":"ADBE Vector Graphic - Fill"},{"ty":"tr","p":{"k":[0,0],"ix":2},"a":{"k":[0,0],"ix":1},"s":{"k":[100,100],"ix":3},"r":{"k":0,"ix":6},"o":{"k":100,"ix":7},"sk":{"k":0,"ix":4},"sa":{"k":0,"ix":5},"nm":"变换"}],"nm":"m","np":3,"mn":"ADBE Vector Group"},{"ty":"gr","it":[{"ind":0,"ty":"sh","ks":{"k":{"i":[[0,0],[0,0],[0,0],[0,0]],"o":[[0,0],[0,0],[0,0],[0,0]],"v":[[215.678,-5.928],[218.702,-5.928],[218.702,-63.509],[215.678,-63.509]],"c":true}},"nm":"i","mn":"ADBE Vector Shape - Group"},{"ind":1,"ty":"sh","ks":{"k":{"i":[[0,0],[0,0],[0,0],[0,0]],"o":[[0,0],[0,0],[0,0],[0,0]],"v":[[215.557,-76.816],[218.702,-76.816],[218.702,-81.292],[215.557,-81.292]],"c":true}},"nm":"i","mn":"ADBE Vector Shape - Group"},{"ty":"mm","mm":1,"nm":"合并路径 1","mn":"ADBE Vector Filter - Merge"},{"ty":"fl","fillEnabled":true,"c":{"k":[0,0,0,1]},"o":{"k":100},"nm":"填充 1","mn":"ADBE Vector Graphic - Fill"},{"ty":"tr","p":{"k":[0,0],"ix":2},"a":{"k":[0,0],"ix":1},"s":{"k":[100,100],"ix":3},"r":{"k":0,"ix":6},"o":{"k":100,"ix":7},"sk":{"k":0,"ix":4},"sa":{"k":0,"ix":5},"nm":"变换"}],"nm":"i","np":5,"mn":"ADBE Vector Group"},{"ty":"gr","it":[{"ind":0,"ty":"sh","ks":{"k":{"i":[[0,0],[0,0],[0,0],[-7.016,0],[0,-9.557],[0,0],[0,0],[0,0],[10.645,0],[7.137,-4.355],[0,0],[0,0],[0,0]],"o":[[0,0],[0,0],[7.016,-4.476],[10.161,0],[0,0],[0,0],[0,0],[0,-10.887],[-7.258,0],[0,0],[0,0],[0,0],[0,0]],"v":[[231.776,-5.686],[234.8,-5.686],[234.8,-54.921],[256.333,-61.574],[271.091,-48.63],[271.091,-5.686],[274.115,-5.686],[274.115,-49.114],[257.421,-64.235],[234.921,-57.703],[234.679,-57.703],[234.679,-63.389],[231.776,-63.389]],"c":true}},"nm":"n","mn":"ADBE Vector Shape - Group"},{"ty":"fl","fillEnabled":true,"c":{"k":[0,0,0,1]},"o":{"k":100},"nm":"填充 1","mn":"ADBE Vector Graphic - Fill"},{"ty":"tr","p":{"k":[0,0],"ix":2},"a":{"k":[0,0],"ix":1},"s":{"k":[100,100],"ix":3},"r":{"k":0,"ix":6},"o":{"k":100,"ix":7},"sk":{"k":0,"ix":4},"sa":{"k":0,"ix":5},"nm":"变换"}],"nm":"n","np":3,"mn":"ADBE Vector Group"},{"ty":"gr","it":[{"ind":0,"ty":"sh","ks":{"k":{"i":[[-17.783,0],[0,9.557],[9.92,0],[0,0],[0,3.871],[-2.298,2.056],[-4.234,0],[0,11.492],[0,0],[4.96,2.661],[0,0],[0,0],[0,0],[2.54,0],[0,-11.008],[0,0],[-4.597,-2.782],[0,-3.508],[-3.145,-0.605],[0,0],[0,-7.621]],"o":[[19.113,0],[0,-10.766],[0,0],[-4.597,0],[0,-3.266],[3.266,1.694],[11.613,0],[0,0],[0,-6.653],[0,0],[0,0],[0,0],[-2.177,-0.484],[-11.855,0],[0,0],[0,6.29],[-3.145,2.903],[0,4.234],[0,0],[-6.653,2.54],[0,8.347]],"v":[[305.417,12.823],[332.03,-4.96],[314.732,-16.573],[297.433,-16.573],[290.175,-22.984],[294.529,-30.001],[305.78,-27.702],[325.861,-45.364],[325.861,-46.574],[317.998,-60.727],[331.667,-60.727],[331.667,-63.268],[312.917,-63.268],[305.901,-63.993],[285.457,-46.332],[285.457,-45.364],[292.715,-31.21],[287.15,-22.259],[293.32,-14.637],[293.32,-14.395],[281.102,-2.298]],"c":true}},"nm":"g","mn":"ADBE Vector Shape - Group"},{"ind":1,"ty":"sh","ks":{"k":{"i":[[17.299,0],[0,7.137],[-7.137,2.298],[0,0],[0,-9.073]],"o":[[-15.847,0],[0,-7.258],[0,0],[8.71,0],[0,8.105]],"v":[[305.296,10.162],[284.247,-2.54],[296.828,-13.67],[314.369,-13.67],[329.006,-4.597]],"c":true}},"nm":"g","mn":"ADBE Vector Shape - Group"},{"ind":2,"ty":"sh","ks":{"k":{"i":[[10.282,0],[0,9.799],[0,0],[-10.283,0],[0,-10.162],[0,0]],"o":[[-10.162,0],[0,0],[0,-9.557],[10.161,0],[0,0],[0,9.799]],"v":[[305.78,-30.122],[288.481,-45.243],[288.481,-46.574],[305.78,-61.574],[322.837,-46.574],[322.837,-45.243]],"c":true}},"nm":"g","mn":"ADBE Vector Shape - Group"},{"ty":"mm","mm":1,"nm":"合并路径 1","mn":"ADBE Vector Filter - Merge"},{"ty":"fl","fillEnabled":true,"c":{"k":[0,0,0,1]},"o":{"k":100},"nm":"填充 1","mn":"ADBE Vector Graphic - Fill"},{"ty":"tr","p":{"k":[0,0],"ix":2},"a":{"k":[0,0],"ix":1},"s":{"k":[100,100],"ix":3},"r":{"k":0,"ix":6},"o":{"k":100,"ix":7},"sk":{"k":0,"ix":4},"sa":{"k":0,"ix":5},"nm":"变换"}],"nm":"g","np":6,"mn":"ADBE Vector Group"},{"ty":"gr","it":[{"ind":0,"ty":"sh","ks":{"k":{"i":[[-7.984,0],[0,8.468],[9.678,2.903],[0,0],[0,7.016],[-9.92,0],[-3.992,-1.936],[0,0],[7.258,0],[0,-8.226],[-8.831,-2.419],[0,0],[0,-7.984],[12.218,0],[4.476,2.177],[0,0]],"o":[[13.791,0],[0,-9.678],[0,0],[-8.226,-2.54],[0,-6.653],[5.565,0],[0,0],[-3.145,-1.815],[-11.492,0],[0,8.71],[0,0],[9.073,2.54],[0,7.016],[-8.105,0],[0,0],[3.871,2.057]],"v":[[377.571,-4.839],[396.563,-20.202],[381.926,-36.049],[374.91,-38.106],[363.78,-50.566],[378.539,-61.574],[393.66,-58.187],[393.66,-60.727],[378.297,-64.235],[360.877,-50.445],[373.821,-35.565],[380.837,-33.388],[393.539,-20.081],[377.329,-7.5],[359.788,-11.613],[359.788,-8.952]],"c":true}},"nm":"s","mn":"ADBE Vector Shape - Group"},{"ty":"fl","fillEnabled":true,"c":{"k":[0,0,0,1]},"o":{"k":100},"nm":"填充 1","mn":"ADBE Vector Graphic - Fill"},{"ty":"tr","p":{"k":[0,0],"ix":2},"a":{"k":[0,0],"ix":1},"s":{"k":[100,100],"ix":3},"r":{"k":0,"ix":6},"o":{"k":100,"ix":7},"sk":{"k":0,"ix":4},"sa":{"k":0,"ix":5},"nm":"变换"}],"nm":"s","np":3,"mn":"ADBE Vector Group"},{"ty":"gr","it":[{"ind":0,"ty":"sh","ks":{"k":{"i":[[-14.758,0],[0,19.476],[0,0],[14.758,0],[0,-19.355],[0,0]],"o":[[14.154,0],[0,0],[0,-19.476],[-14.033,0],[0,0],[0,19.476]],"v":[[427.115,-4.839],[452.277,-34.235],[452.277,-35.323],[427.115,-64.235],[402.074,-35.081],[402.074,-33.751]],"c":true}},"nm":"o","mn":"ADBE Vector Shape - Group"},{"ind":1,"ty":"sh","ks":{"k":{"i":[[12.944,0],[0,17.904],[0,0],[-12.823,0],[0,-18.508],[0,0]],"o":[[-12.944,0],[0,0],[0,-17.42],[12.944,0],[0,0],[0,17.783]],"v":[[427.115,-7.379],[404.978,-33.509],[404.978,-35.202],[427.115,-61.695],[449.374,-35.565],[449.374,-33.993]],"c":true}},"nm":"o","mn":"ADBE Vector Shape - Group"},{"ty":"mm","mm":1,"nm":"合并路径 1","mn":"ADBE Vector Filter - Merge"},{"ty":"fl","fillEnabled":true,"c":{"k":[0,0,0,1]},"o":{"k":100},"nm":"填充 1","mn":"ADBE Vector Graphic - Fill"},{"ty":"tr","p":{"k":[0,0],"ix":2},"a":{"k":[0,0],"ix":1},"s":{"k":[100,100],"ix":3},"r":{"k":0,"ix":6},"o":{"k":100,"ix":7},"sk":{"k":0,"ix":4},"sa":{"k":0,"ix":5},"nm":"变换"}],"nm":"o","np":5,"mn":"ADBE Vector Group"}],"ip":0,"op":140,"st":0,"bm":0,"sr":1},{"ddd":0,"ind":8,"ty":4,"nm":"“Coming so 2”轮廓","ks":{"o":{"k":100},"r":{"k":0},"p":{"k":[57.5,358,0]},"a":{"k":[0,0,0]},"s":{"k":[100,100,100]}},"ao":0,"shapes":[{"ty":"gr","it":[{"ind":0,"ty":"sh","ks":{"k":{"i":[[-22.017,0],[-3.992,2.177],[0,0],[10.645,0],[0,24.315],[0,0],[-19.718,0],[-4.839,-2.54],[0,0],[9.315,0],[0,-26.13],[0,0]],"o":[[11.371,0],[0,0],[-4.718,2.661],[-20.565,0],[0,0],[0,-24.436],[8.71,0],[0,0],[-4.476,-2.54],[-21.654,0],[0,0],[0,25.888]],"v":[[39.315,-4.96],[60.606,-10.282],[60.606,-13.186],[39.557,-7.742],[9.799,-44.88],[9.799,-46.937],[40.888,-83.591],[60.122,-79.236],[60.122,-82.018],[40.888,-86.373],[6.653,-46.574],[6.653,-45.001]],"c":true}},"nm":"C","mn":"ADBE Vector Shape - Group"},{"ty":"fl","fillEnabled":true,"c":{"k":[0,0,0,1]},"o":{"k":100},"nm":"填充 1","mn":"ADBE Vector Graphic - Fill"},{"ty":"tr","p":{"k":[0,0],"ix":2},"a":{"k":[0,0],"ix":1},"s":{"k":[100,100],"ix":3},"r":{"k":0,"ix":6},"o":{"k":100,"ix":7},"sk":{"k":0,"ix":4},"sa":{"k":0,"ix":5},"nm":"变换"}],"nm":"C","np":3,"mn":"ADBE Vector Group"},{"ty":"gr","it":[{"ind":0,"ty":"sh","ks":{"k":{"i":[[-14.758,0],[0,19.476],[0,0],[14.758,0],[0,-19.355],[0,0]],"o":[[14.154,0],[0,0],[0,-19.476],[-14.033,0],[0,0],[0,19.476]],"v":[[93.07,-4.839],[118.232,-34.235],[118.232,-35.323],[93.07,-64.235],[68.029,-35.081],[68.029,-33.751]],"c":true}},"nm":"o","mn":"ADBE Vector Shape - Group"},{"ind":1,"ty":"sh","ks":{"k":{"i":[[12.944,0],[0,17.904],[0,0],[-12.823,0],[0,-18.508],[0,0]],"o":[[-12.944,0],[0,0],[0,-17.42],[12.944,0],[0,0],[0,17.783]],"v":[[93.07,-7.379],[70.932,-33.509],[70.932,-35.202],[93.07,-61.695],[115.328,-35.565],[115.328,-33.993]],"c":true}},"nm":"o","mn":"ADBE Vector Shape - Group"},{"ty":"mm","mm":1,"nm":"合并路径 1","mn":"ADBE Vector Filter - Merge"},{"ty":"fl","fillEnabled":true,"c":{"k":[0,0,0,1]},"o":{"k":100},"nm":"填充 1","mn":"ADBE Vector Graphic - Fill"},{"ty":"tr","p":{"k":[0,0],"ix":2},"a":{"k":[0,0],"ix":1},"s":{"k":[100,100],"ix":3},"r":{"k":0,"ix":6},"o":{"k":100,"ix":7},"sk":{"k":0,"ix":4},"sa":{"k":0,"ix":5},"nm":"变换"}],"nm":"o","np":5,"mn":"ADBE Vector Group"},{"ty":"gr","it":[{"ind":0,"ty":"sh","ks":{"k":{"i":[[0,0],[0,0],[0,0],[-6.532,0],[0,-9.557],[0,0],[0,0],[0,0],[0.484,1.694],[-5.807,0],[0,-9.557],[0,0],[0,0],[0,0],[9.436,0],[8.226,-5.202],[0,0],[6.774,0],[7.137,-4.355],[0,0],[0,0],[0,0]],"o":[[0,0],[0,0],[7.016,-4.597],[8.468,0],[0,0],[0,0],[0,0],[0,-2.419],[7.742,-4.718],[8.589,0],[0,0],[0,0],[0,0],[0,-10.887],[-6.29,0],[0,0],[-2.419,-4.597],[-6.411,0],[0,0],[0,0],[0,0],[0,0]],"v":[[127.997,-5.686],[131.021,-5.686],[131.021,-54.921],[150.981,-61.574],[163.925,-48.63],[163.925,-5.686],[167.07,-5.686],[167.07,-49.114],[166.223,-55.042],[186.426,-61.574],[200.216,-48.63],[200.216,-5.686],[203.119,-5.686],[203.119,-49.114],[187.272,-64.235],[165.74,-57.34],[165.498,-57.34],[151.586,-64.235],[131.142,-57.703],[130.9,-57.703],[130.9,-63.389],[127.997,-63.389]],"c":true}},"nm":"m","mn":"ADBE Vector Shape - Group"},{"ty":"fl","fillEnabled":true,"c":{"k":[0,0,0,1]},"o":{"k":100},"nm":"填充 1","mn":"ADBE Vector Graphic - Fill"},{"ty":"tr","p":{"k":[0,0],"ix":2},"a":{"k":[0,0],"ix":1},"s":{"k":[100,100],"ix":3},"r":{"k":0,"ix":6},"o":{"k":100,"ix":7},"sk":{"k":0,"ix":4},"sa":{"k":0,"ix":5},"nm":"变换"}],"nm":"m","np":3,"mn":"ADBE Vector Group"},{"ty":"gr","it":[{"ind":0,"ty":"sh","ks":{"k":{"i":[[0,0],[0,0],[0,0],[0,0]],"o":[[0,0],[0,0],[0,0],[0,0]],"v":[[215.678,-5.928],[218.702,-5.928],[218.702,-63.509],[215.678,-63.509]],"c":true}},"nm":"i","mn":"ADBE Vector Shape - Group"},{"ind":1,"ty":"sh","ks":{"k":{"i":[[0,0],[0,0],[0,0],[0,0]],"o":[[0,0],[0,0],[0,0],[0,0]],"v":[[215.557,-76.816],[218.702,-76.816],[218.702,-81.292],[215.557,-81.292]],"c":true}},"nm":"i","mn":"ADBE Vector Shape - Group"},{"ty":"mm","mm":1,"nm":"合并路径 1","mn":"ADBE Vector Filter - Merge"},{"ty":"fl","fillEnabled":true,"c":{"k":[0,0,0,1]},"o":{"k":100},"nm":"填充 1","mn":"ADBE Vector Graphic - Fill"},{"ty":"tr","p":{"k":[0,0],"ix":2},"a":{"k":[0,0],"ix":1},"s":{"k":[100,100],"ix":3},"r":{"k":0,"ix":6},"o":{"k":100,"ix":7},"sk":{"k":0,"ix":4},"sa":{"k":0,"ix":5},"nm":"变换"}],"nm":"i","np":5,"mn":"ADBE Vector Group"},{"ty":"gr","it":[{"ind":0,"ty":"sh","ks":{"k":{"i":[[0,0],[0,0],[0,0],[-7.016,0],[0,-9.557],[0,0],[0,0],[0,0],[10.645,0],[7.137,-4.355],[0,0],[0,0],[0,0]],"o":[[0,0],[0,0],[7.016,-4.476],[10.161,0],[0,0],[0,0],[0,0],[0,-10.887],[-7.258,0],[0,0],[0,0],[0,0],[0,0]],"v":[[231.776,-5.686],[234.8,-5.686],[234.8,-54.921],[256.333,-61.574],[271.091,-48.63],[271.091,-5.686],[274.115,-5.686],[274.115,-49.114],[257.421,-64.235],[234.921,-57.703],[234.679,-57.703],[234.679,-63.389],[231.776,-63.389]],"c":true}},"nm":"n","mn":"ADBE Vector Shape - Group"},{"ty":"fl","fillEnabled":true,"c":{"k":[0,0,0,1]},"o":{"k":100},"nm":"填充 1","mn":"ADBE Vector Graphic - Fill"},{"ty":"tr","p":{"k":[0,0],"ix":2},"a":{"k":[0,0],"ix":1},"s":{"k":[100,100],"ix":3},"r":{"k":0,"ix":6},"o":{"k":100,"ix":7},"sk":{"k":0,"ix":4},"sa":{"k":0,"ix":5},"nm":"变换"}],"nm":"n","np":3,"mn":"ADBE Vector Group"},{"ty":"gr","it":[{"ind":0,"ty":"sh","ks":{"k":{"i":[[-17.783,0],[0,9.557],[9.92,0],[0,0],[0,3.871],[-2.298,2.056],[-4.234,0],[0,11.492],[0,0],[4.96,2.661],[0,0],[0,0],[0,0],[2.54,0],[0,-11.008],[0,0],[-4.597,-2.782],[0,-3.508],[-3.145,-0.605],[0,0],[0,-7.621]],"o":[[19.113,0],[0,-10.766],[0,0],[-4.597,0],[0,-3.266],[3.266,1.694],[11.613,0],[0,0],[0,-6.653],[0,0],[0,0],[0,0],[-2.177,-0.484],[-11.855,0],[0,0],[0,6.29],[-3.145,2.903],[0,4.234],[0,0],[-6.653,2.54],[0,8.347]],"v":[[305.417,12.823],[332.03,-4.96],[314.732,-16.573],[297.433,-16.573],[290.175,-22.984],[294.529,-30.001],[305.78,-27.702],[325.861,-45.364],[325.861,-46.574],[317.998,-60.727],[331.667,-60.727],[331.667,-63.268],[312.917,-63.268],[305.901,-63.993],[285.457,-46.332],[285.457,-45.364],[292.715,-31.21],[287.15,-22.259],[293.32,-14.637],[293.32,-14.395],[281.102,-2.298]],"c":true}},"nm":"g","mn":"ADBE Vector Shape - Group"},{"ind":1,"ty":"sh","ks":{"k":{"i":[[17.299,0],[0,7.137],[-7.137,2.298],[0,0],[0,-9.073]],"o":[[-15.847,0],[0,-7.258],[0,0],[8.71,0],[0,8.105]],"v":[[305.296,10.162],[284.247,-2.54],[296.828,-13.67],[314.369,-13.67],[329.006,-4.597]],"c":true}},"nm":"g","mn":"ADBE Vector Shape - Group"},{"ind":2,"ty":"sh","ks":{"k":{"i":[[10.282,0],[0,9.799],[0,0],[-10.283,0],[0,-10.162],[0,0]],"o":[[-10.162,0],[0,0],[0,-9.557],[10.161,0],[0,0],[0,9.799]],"v":[[305.78,-30.122],[288.481,-45.243],[288.481,-46.574],[305.78,-61.574],[322.837,-46.574],[322.837,-45.243]],"c":true}},"nm":"g","mn":"ADBE Vector Shape - Group"},{"ty":"mm","mm":1,"nm":"合并路径 1","mn":"ADBE Vector Filter - Merge"},{"ty":"fl","fillEnabled":true,"c":{"k":[0,0,0,1]},"o":{"k":100},"nm":"填充 1","mn":"ADBE Vector Graphic - Fill"},{"ty":"tr","p":{"k":[0,0],"ix":2},"a":{"k":[0,0],"ix":1},"s":{"k":[100,100],"ix":3},"r":{"k":0,"ix":6},"o":{"k":100,"ix":7},"sk":{"k":0,"ix":4},"sa":{"k":0,"ix":5},"nm":"变换"}],"nm":"g","np":6,"mn":"ADBE Vector Group"},{"ty":"gr","it":[{"ind":0,"ty":"sh","ks":{"k":{"i":[[-7.984,0],[0,8.468],[9.678,2.903],[0,0],[0,7.016],[-9.92,0],[-3.992,-1.936],[0,0],[7.258,0],[0,-8.226],[-8.831,-2.419],[0,0],[0,-7.984],[12.218,0],[4.476,2.177],[0,0]],"o":[[13.791,0],[0,-9.678],[0,0],[-8.226,-2.54],[0,-6.653],[5.565,0],[0,0],[-3.145,-1.815],[-11.492,0],[0,8.71],[0,0],[9.073,2.54],[0,7.016],[-8.105,0],[0,0],[3.871,2.057]],"v":[[377.571,-4.839],[396.563,-20.202],[381.926,-36.049],[374.91,-38.106],[363.78,-50.566],[378.539,-61.574],[393.66,-58.187],[393.66,-60.727],[378.297,-64.235],[360.877,-50.445],[373.821,-35.565],[380.837,-33.388],[393.539,-20.081],[377.329,-7.5],[359.788,-11.613],[359.788,-8.952]],"c":true}},"nm":"s","mn":"ADBE Vector Shape - Group"},{"ty":"fl","fillEnabled":true,"c":{"k":[0,0,0,1]},"o":{"k":100},"nm":"填充 1","mn":"ADBE Vector Graphic - Fill"},{"ty":"tr","p":{"k":[0,0],"ix":2},"a":{"k":[0,0],"ix":1},"s":{"k":[100,100],"ix":3},"r":{"k":0,"ix":6},"o":{"k":100,"ix":7},"sk":{"k":0,"ix":4},"sa":{"k":0,"ix":5},"nm":"变换"}],"nm":"s","np":3,"mn":"ADBE Vector Group"},{"ty":"gr","it":[{"ind":0,"ty":"sh","ks":{"k":{"i":[[-14.758,0],[0,19.476],[0,0],[14.758,0],[0,-19.355],[0,0]],"o":[[14.154,0],[0,0],[0,-19.476],[-14.033,0],[0,0],[0,19.476]],"v":[[427.115,-4.839],[452.277,-34.235],[452.277,-35.323],[427.115,-64.235],[402.074,-35.081],[402.074,-33.751]],"c":true}},"nm":"o","mn":"ADBE Vector Shape - Group"},{"ind":1,"ty":"sh","ks":{"k":{"i":[[12.944,0],[0,17.904],[0,0],[-12.823,0],[0,-18.508],[0,0]],"o":[[-12.944,0],[0,0],[0,-17.42],[12.944,0],[0,0],[0,17.783]],"v":[[427.115,-7.379],[404.978,-33.509],[404.978,-35.202],[427.115,-61.695],[449.374,-35.565],[449.374,-33.993]],"c":true}},"nm":"o","mn":"ADBE Vector Shape - Group"},{"ty":"mm","mm":1,"nm":"合并路径 1","mn":"ADBE Vector Filter - Merge"},{"ty":"fl","fillEnabled":true,"c":{"k":[0,0,0,1]},"o":{"k":100},"nm":"填充 1","mn":"ADBE Vector Graphic - Fill"},{"ty":"tr","p":{"k":[0,0],"ix":2},"a":{"k":[0,0],"ix":1},"s":{"k":[100,100],"ix":3},"r":{"k":0,"ix":6},"o":{"k":100,"ix":7},"sk":{"k":0,"ix":4},"sa":{"k":0,"ix":5},"nm":"变换"}],"nm":"o","np":5,"mn":"ADBE Vector Group"}],"ip":0,"op":140,"st":0,"bm":0,"sr":1},{"ddd":0,"ind":9,"ty":4,"nm":"“Coming so”轮廓","ks":{"o":{"k":100},"r":{"k":0},"p":{"k":[54.5,356,0]},"a":{"k":[0,0,0]},"s":{"k":[100,100,100]}},"ao":0,"shapes":[{"ty":"gr","it":[{"ind":0,"ty":"sh","ks":{"k":{"i":[[-22.017,0],[-3.992,2.177],[0,0],[10.645,0],[0,24.315],[0,0],[-19.718,0],[-4.839,-2.54],[0,0],[9.315,0],[0,-26.13],[0,0]],"o":[[11.371,0],[0,0],[-4.718,2.661],[-20.565,0],[0,0],[0,-24.436],[8.71,0],[0,0],[-4.476,-2.54],[-21.654,0],[0,0],[0,25.888]],"v":[[39.315,-4.96],[60.606,-10.282],[60.606,-13.186],[39.557,-7.742],[9.799,-44.88],[9.799,-46.937],[40.888,-83.591],[60.122,-79.236],[60.122,-82.018],[40.888,-86.373],[6.653,-46.574],[6.653,-45.001]],"c":true}},"nm":"C","mn":"ADBE Vector Shape - Group"},{"ty":"fl","fillEnabled":true,"c":{"k":[0,0,0,1]},"o":{"k":100},"nm":"填充 1","mn":"ADBE Vector Graphic - Fill"},{"ty":"tr","p":{"k":[0,0],"ix":2},"a":{"k":[0,0],"ix":1},"s":{"k":[100,100],"ix":3},"r":{"k":0,"ix":6},"o":{"k":100,"ix":7},"sk":{"k":0,"ix":4},"sa":{"k":0,"ix":5},"nm":"变换"}],"nm":"C","np":3,"mn":"ADBE Vector Group"},{"ty":"gr","it":[{"ind":0,"ty":"sh","ks":{"k":{"i":[[-14.758,0],[0,19.476],[0,0],[14.758,0],[0,-19.355],[0,0]],"o":[[14.154,0],[0,0],[0,-19.476],[-14.033,0],[0,0],[0,19.476]],"v":[[93.07,-4.839],[118.232,-34.235],[118.232,-35.323],[93.07,-64.235],[68.029,-35.081],[68.029,-33.751]],"c":true}},"nm":"o","mn":"ADBE Vector Shape - Group"},{"ind":1,"ty":"sh","ks":{"k":{"i":[[12.944,0],[0,17.904],[0,0],[-12.823,0],[0,-18.508],[0,0]],"o":[[-12.944,0],[0,0],[0,-17.42],[12.944,0],[0,0],[0,17.783]],"v":[[93.07,-7.379],[70.932,-33.509],[70.932,-35.202],[93.07,-61.695],[115.328,-35.565],[115.328,-33.993]],"c":true}},"nm":"o","mn":"ADBE Vector Shape - Group"},{"ty":"mm","mm":1,"nm":"合并路径 1","mn":"ADBE Vector Filter - Merge"},{"ty":"fl","fillEnabled":true,"c":{"k":[0,0,0,1]},"o":{"k":100},"nm":"填充 1","mn":"ADBE Vector Graphic - Fill"},{"ty":"tr","p":{"k":[0,0],"ix":2},"a":{"k":[0,0],"ix":1},"s":{"k":[100,100],"ix":3},"r":{"k":0,"ix":6},"o":{"k":100,"ix":7},"sk":{"k":0,"ix":4},"sa":{"k":0,"ix":5},"nm":"变换"}],"nm":"o","np":5,"mn":"ADBE Vector Group"},{"ty":"gr","it":[{"ind":0,"ty":"sh","ks":{"k":{"i":[[0,0],[0,0],[0,0],[-6.532,0],[0,-9.557],[0,0],[0,0],[0,0],[0.484,1.694],[-5.807,0],[0,-9.557],[0,0],[0,0],[0,0],[9.436,0],[8.226,-5.202],[0,0],[6.774,0],[7.137,-4.355],[0,0],[0,0],[0,0]],"o":[[0,0],[0,0],[7.016,-4.597],[8.468,0],[0,0],[0,0],[0,0],[0,-2.419],[7.742,-4.718],[8.589,0],[0,0],[0,0],[0,0],[0,-10.887],[-6.29,0],[0,0],[-2.419,-4.597],[-6.411,0],[0,0],[0,0],[0,0],[0,0]],"v":[[127.997,-5.686],[131.021,-5.686],[131.021,-54.921],[150.981,-61.574],[163.925,-48.63],[163.925,-5.686],[167.07,-5.686],[167.07,-49.114],[166.223,-55.042],[186.426,-61.574],[200.216,-48.63],[200.216,-5.686],[203.119,-5.686],[203.119,-49.114],[187.272,-64.235],[165.74,-57.34],[165.498,-57.34],[151.586,-64.235],[131.142,-57.703],[130.9,-57.703],[130.9,-63.389],[127.997,-63.389]],"c":true}},"nm":"m","mn":"ADBE Vector Shape - Group"},{"ty":"fl","fillEnabled":true,"c":{"k":[0,0,0,1]},"o":{"k":100},"nm":"填充 1","mn":"ADBE Vector Graphic - Fill"},{"ty":"tr","p":{"k":[0,0],"ix":2},"a":{"k":[0,0],"ix":1},"s":{"k":[100,100],"ix":3},"r":{"k":0,"ix":6},"o":{"k":100,"ix":7},"sk":{"k":0,"ix":4},"sa":{"k":0,"ix":5},"nm":"变换"}],"nm":"m","np":3,"mn":"ADBE Vector Group"},{"ty":"gr","it":[{"ind":0,"ty":"sh","ks":{"k":{"i":[[0,0],[0,0],[0,0],[0,0]],"o":[[0,0],[0,0],[0,0],[0,0]],"v":[[215.678,-5.928],[218.702,-5.928],[218.702,-63.509],[215.678,-63.509]],"c":true}},"nm":"i","mn":"ADBE Vector Shape - Group"},{"ind":1,"ty":"sh","ks":{"k":{"i":[[0,0],[0,0],[0,0],[0,0]],"o":[[0,0],[0,0],[0,0],[0,0]],"v":[[215.557,-76.816],[218.702,-76.816],[218.702,-81.292],[215.557,-81.292]],"c":true}},"nm":"i","mn":"ADBE Vector Shape - Group"},{"ty":"mm","mm":1,"nm":"合并路径 1","mn":"ADBE Vector Filter - Merge"},{"ty":"fl","fillEnabled":true,"c":{"k":[0,0,0,1]},"o":{"k":100},"nm":"填充 1","mn":"ADBE Vector Graphic - Fill"},{"ty":"tr","p":{"k":[0,0],"ix":2},"a":{"k":[0,0],"ix":1},"s":{"k":[100,100],"ix":3},"r":{"k":0,"ix":6},"o":{"k":100,"ix":7},"sk":{"k":0,"ix":4},"sa":{"k":0,"ix":5},"nm":"变换"}],"nm":"i","np":5,"mn":"ADBE Vector Group"},{"ty":"gr","it":[{"ind":0,"ty":"sh","ks":{"k":{"i":[[0,0],[0,0],[0,0],[-7.016,0],[0,-9.557],[0,0],[0,0],[0,0],[10.645,0],[7.137,-4.355],[0,0],[0,0],[0,0]],"o":[[0,0],[0,0],[7.016,-4.476],[10.161,0],[0,0],[0,0],[0,0],[0,-10.887],[-7.258,0],[0,0],[0,0],[0,0],[0,0]],"v":[[231.776,-5.686],[234.8,-5.686],[234.8,-54.921],[256.333,-61.574],[271.091,-48.63],[271.091,-5.686],[274.115,-5.686],[274.115,-49.114],[257.421,-64.235],[234.921,-57.703],[234.679,-57.703],[234.679,-63.389],[231.776,-63.389]],"c":true}},"nm":"n","mn":"ADBE Vector Shape - Group"},{"ty":"fl","fillEnabled":true,"c":{"k":[0,0,0,1]},"o":{"k":100},"nm":"填充 1","mn":"ADBE Vector Graphic - Fill"},{"ty":"tr","p":{"k":[0,0],"ix":2},"a":{"k":[0,0],"ix":1},"s":{"k":[100,100],"ix":3},"r":{"k":0,"ix":6},"o":{"k":100,"ix":7},"sk":{"k":0,"ix":4},"sa":{"k":0,"ix":5},"nm":"变换"}],"nm":"n","np":3,"mn":"ADBE Vector Group"},{"ty":"gr","it":[{"ind":0,"ty":"sh","ks":{"k":{"i":[[-17.783,0],[0,9.557],[9.92,0],[0,0],[0,3.871],[-2.298,2.056],[-4.234,0],[0,11.492],[0,0],[4.96,2.661],[0,0],[0,0],[0,0],[2.54,0],[0,-11.008],[0,0],[-4.597,-2.782],[0,-3.508],[-3.145,-0.605],[0,0],[0,-7.621]],"o":[[19.113,0],[0,-10.766],[0,0],[-4.597,0],[0,-3.266],[3.266,1.694],[11.613,0],[0,0],[0,-6.653],[0,0],[0,0],[0,0],[-2.177,-0.484],[-11.855,0],[0,0],[0,6.29],[-3.145,2.903],[0,4.234],[0,0],[-6.653,2.54],[0,8.347]],"v":[[305.417,12.823],[332.03,-4.96],[314.732,-16.573],[297.433,-16.573],[290.175,-22.984],[294.529,-30.001],[305.78,-27.702],[325.861,-45.364],[325.861,-46.574],[317.998,-60.727],[331.667,-60.727],[331.667,-63.268],[312.917,-63.268],[305.901,-63.993],[285.457,-46.332],[285.457,-45.364],[292.715,-31.21],[287.15,-22.259],[293.32,-14.637],[293.32,-14.395],[281.102,-2.298]],"c":true}},"nm":"g","mn":"ADBE Vector Shape - Group"},{"ind":1,"ty":"sh","ks":{"k":{"i":[[17.299,0],[0,7.137],[-7.137,2.298],[0,0],[0,-9.073]],"o":[[-15.847,0],[0,-7.258],[0,0],[8.71,0],[0,8.105]],"v":[[305.296,10.162],[284.247,-2.54],[296.828,-13.67],[314.369,-13.67],[329.006,-4.597]],"c":true}},"nm":"g","mn":"ADBE Vector Shape - Group"},{"ind":2,"ty":"sh","ks":{"k":{"i":[[10.282,0],[0,9.799],[0,0],[-10.283,0],[0,-10.162],[0,0]],"o":[[-10.162,0],[0,0],[0,-9.557],[10.161,0],[0,0],[0,9.799]],"v":[[305.78,-30.122],[288.481,-45.243],[288.481,-46.574],[305.78,-61.574],[322.837,-46.574],[322.837,-45.243]],"c":true}},"nm":"g","mn":"ADBE Vector Shape - Group"},{"ty":"mm","mm":1,"nm":"合并路径 1","mn":"ADBE Vector Filter - Merge"},{"ty":"fl","fillEnabled":true,"c":{"k":[0,0,0,1]},"o":{"k":100},"nm":"填充 1","mn":"ADBE Vector Graphic - Fill"},{"ty":"tr","p":{"k":[0,0],"ix":2},"a":{"k":[0,0],"ix":1},"s":{"k":[100,100],"ix":3},"r":{"k":0,"ix":6},"o":{"k":100,"ix":7},"sk":{"k":0,"ix":4},"sa":{"k":0,"ix":5},"nm":"变换"}],"nm":"g","np":6,"mn":"ADBE Vector Group"},{"ty":"gr","it":[{"ind":0,"ty":"sh","ks":{"k":{"i":[[-7.984,0],[0,8.468],[9.678,2.903],[0,0],[0,7.016],[-9.92,0],[-3.992,-1.936],[0,0],[7.258,0],[0,-8.226],[-8.831,-2.419],[0,0],[0,-7.984],[12.218,0],[4.476,2.177],[0,0]],"o":[[13.791,0],[0,-9.678],[0,0],[-8.226,-2.54],[0,-6.653],[5.565,0],[0,0],[-3.145,-1.815],[-11.492,0],[0,8.71],[0,0],[9.073,2.54],[0,7.016],[-8.105,0],[0,0],[3.871,2.057]],"v":[[377.571,-4.839],[396.563,-20.202],[381.926,-36.049],[374.91,-38.106],[363.78,-50.566],[378.539,-61.574],[393.66,-58.187],[393.66,-60.727],[378.297,-64.235],[360.877,-50.445],[373.821,-35.565],[380.837,-33.388],[393.539,-20.081],[377.329,-7.5],[359.788,-11.613],[359.788,-8.952]],"c":true}},"nm":"s","mn":"ADBE Vector Shape - Group"},{"ty":"fl","fillEnabled":true,"c":{"k":[0,0,0,1]},"o":{"k":100},"nm":"填充 1","mn":"ADBE Vector Graphic - Fill"},{"ty":"tr","p":{"k":[0,0],"ix":2},"a":{"k":[0,0],"ix":1},"s":{"k":[100,100],"ix":3},"r":{"k":0,"ix":6},"o":{"k":100,"ix":7},"sk":{"k":0,"ix":4},"sa":{"k":0,"ix":5},"nm":"变换"}],"nm":"s","np":3,"mn":"ADBE Vector Group"},{"ty":"gr","it":[{"ind":0,"ty":"sh","ks":{"k":{"i":[[-14.758,0],[0,19.476],[0,0],[14.758,0],[0,-19.355],[0,0]],"o":[[14.154,0],[0,0],[0,-19.476],[-14.033,0],[0,0],[0,19.476]],"v":[[427.115,-4.839],[452.277,-34.235],[452.277,-35.323],[427.115,-64.235],[402.074,-35.081],[402.074,-33.751]],"c":true}},"nm":"o","mn":"ADBE Vector Shape - Group"},{"ind":1,"ty":"sh","ks":{"k":{"i":[[12.944,0],[0,17.904],[0,0],[-12.823,0],[0,-18.508],[0,0]],"o":[[-12.944,0],[0,0],[0,-17.42],[12.944,0],[0,0],[0,17.783]],"v":[[427.115,-7.379],[404.978,-33.509],[404.978,-35.202],[427.115,-61.695],[449.374,-35.565],[449.374,-33.993]],"c":true}},"nm":"o","mn":"ADBE Vector Shape - Group"},{"ty":"mm","mm":1,"nm":"合并路径 1","mn":"ADBE Vector Filter - Merge"},{"ty":"fl","fillEnabled":true,"c":{"k":[0,0,0,1]},"o":{"k":100},"nm":"填充 1","mn":"ADBE Vector Graphic - Fill"},{"ty":"tr","p":{"k":[0,0],"ix":2},"a":{"k":[0,0],"ix":1},"s":{"k":[100,100],"ix":3},"r":{"k":0,"ix":6},"o":{"k":100,"ix":7},"sk":{"k":0,"ix":4},"sa":{"k":0,"ix":5},"nm":"变换"}],"nm":"o","np":5,"mn":"ADBE Vector Group"}],"ip":0,"op":140,"st":0,"bm":0,"sr":1},{"ddd":0,"ind":10,"ty":4,"nm":"形状图层 10","ks":{"o":{"k":100},"r":{"k":0},"p":{"k":[408,186,0]},"a":{"k":[0,0,0]},"s":{"k":[100,100,100]}},"ao":0,"hasMask":true,"masksProperties":[{"inv":false,"mode":"f","pt":{"k":{"i":[[0,19.319],[0,0],[-13.919,0],[0,-19.318],[0,0],[14.04,0]],"o":[[0,0],[0,-19.199],[14.639,0],[0,0],[0,19.319],[-14.639,0]],"v":[[-101.437,3.5],[-101.437,2.18],[-76.598,-26.739],[-51.639,1.939],[-51.639,3.02],[-76.598,32.179]],"c":true}},"o":{"k":100},"x":{"k":0},"nm":"蒙版 1"},{"inv":false,"mode":"f","pt":{"k":{"i":[[0,17.64],[0,0],[12.839,0],[0,-17.279],[0,0],[-12.839,0]],"o":[[0,0],[0,-18.359],[-12.719,0],[0,0],[0,17.759],[12.839,0]],"v":[[-54.519,3.26],[-54.519,1.7],[-76.598,-24.219],[-98.557,2.06],[-98.557,3.74],[-76.598,29.659]],"c":true}},"o":{"k":100},"x":{"k":0},"nm":"蒙版 2"},{"inv":false,"mode":"f","pt":{"k":{"i":[[0,0],[0,0],[0,0],[0,0],[-6.36,0],[-2.399,-4.56],[0,0],[-6.24,0],[0,-10.8],[0,0],[0,0],[0,0],[8.52,0],[7.68,-4.68],[0,-2.4],[0,0],[0,0],[0,0],[8.4,0],[6.959,-4.56],[0,0],[0,0]],"o":[[0,0],[0,0],[0,0],[7.08,-4.32],[6.72,0],[0,0],[8.16,-5.159],[9.359,0],[0,0],[0,0],[0,0],[0,-9.479],[-5.76,0],[0.48,1.68],[0,0],[0,0],[0,0],[0,-9.479],[-6.479,0],[0,0],[0,0],[0,0]],"v":[[-40.958,-25.898],[-38.079,-25.898],[-38.079,-20.259],[-37.838,-20.259],[-17.56,-26.739],[-3.76,-19.899],[-3.52,-19.899],[17.839,-26.739],[33.558,-11.739],[33.558,31.339],[30.678,31.339],[30.678,-11.26],[16.999,-24.099],[-3.04,-17.619],[-2.2,-11.739],[-2.2,31.339],[-5.32,31.339],[-5.32,-11.26],[-18.16,-24.099],[-37.958,-17.499],[-37.958,31.339],[-40.958,31.339]],"c":true}},"o":{"k":100},"x":{"k":0},"nm":"蒙版 3"},{"inv":false,"mode":"f","pt":{"k":{"i":[[0,0],[0,0],[0,0],[0,0]],"o":[[0,0],[0,0],[0,0],[0,0]],"v":[[47.12,-43.658],[50.24,-43.658],[50.24,-39.219],[47.12,-39.219]],"c":true}},"o":{"k":100},"x":{"k":0},"nm":"蒙版 4"},{"inv":false,"mode":"f","pt":{"k":{"i":[[0,0],[0,0],[0,0],[0,0]],"o":[[0,0],[0,0],[0,0],[0,0]],"v":[[47.24,-26.019],[50.24,-26.019],[50.24,31.099],[47.24,31.099]],"c":true}},"o":{"k":100},"x":{"k":0},"nm":"蒙版 5"},{"inv":false,"mode":"f","pt":{"k":{"i":[[0,0],[0,0],[0,0],[0,0],[-7.199,0],[0,-10.8],[0,0],[0,0],[0,0],[10.079,0],[6.959,-4.44],[0,0],[0,0]],"o":[[0,0],[0,0],[0,0],[7.079,-4.32],[10.559,0],[0,0],[0,0],[0,0],[0,-9.479],[-6.96,0],[0,0],[0,0],[0,0]],"v":[[63.919,-25.898],[66.799,-25.898],[66.799,-20.259],[67.04,-20.259],[89.358,-26.739],[105.917,-11.739],[105.917,31.339],[102.917,31.339],[102.917,-11.26],[88.279,-24.099],[66.919,-17.499],[66.919,31.339],[63.919,31.339]],"c":true}},"o":{"k":100},"x":{"k":0},"nm":"蒙版 6"},{"inv":false,"mode":"f","pt":{"k":{"i":[[0,8.28],[-6.6,2.52],[0,0],[0,4.2],[-3.12,2.88],[0,6.239],[0,0],[-11.759,0],[-2.16,-0.479],[0,0],[0,0],[0,0],[0,-6.6],[0,0],[11.52,0],[3.24,1.68],[0,-3.24],[-4.56,0],[0,0],[0,-10.68],[18.959,0]],"o":[[0,-7.56],[0,0],[-3.119,-0.6],[0,-3.479],[-4.56,-2.76],[0,0],[0,-10.92],[2.521,0],[0,0],[0,0],[0,0],[4.92,2.64],[0,0],[0,11.399],[-4.2,0],[-2.279,2.04],[0,3.84],[0,0],[9.84,0],[0,9.479],[-17.64,0]],"v":[[113.838,34.698],[125.958,22.699],[125.958,22.459],[119.838,14.899],[125.358,6.02],[118.158,-8.019],[118.158,-8.979],[138.437,-26.499],[145.397,-25.779],[163.997,-25.779],[163.997,-23.259],[150.437,-23.259],[158.237,-9.22],[158.237,-8.019],[138.318,9.5],[127.158,7.22],[122.838,14.18],[130.038,20.539],[147.197,20.539],[164.356,32.059],[137.958,49.698]],"c":true}},"o":{"k":100},"x":{"k":0},"nm":"蒙版 7"},{"inv":false,"mode":"f","pt":{"k":{"i":[[0,8.039],[8.64,0],[0,0],[0,-7.2],[-15.72,0]],"o":[[0,-9],[0,0],[-7.08,2.28],[0,7.079],[17.159,0]],"v":[[161.357,32.419],[146.837,23.419],[129.438,23.419],[116.959,34.459],[137.837,47.059]],"c":true}},"o":{"k":100},"x":{"k":0},"nm":"蒙版 8"},{"inv":false,"mode":"f","pt":{"k":{"i":[[0,9.72],[0,0],[10.079,0],[0,-9.479],[0,0],[-10.08,0]],"o":[[0,0],[0,-10.079],[-10.2,0],[0,0],[0,9.72],[10.199,0]],"v":[[155.237,-7.899],[155.237,-9.22],[138.318,-24.099],[121.158,-9.22],[121.158,-7.899],[138.318,7.1]],"c":true}},"o":{"k":100},"x":{"k":0},"nm":"蒙版 9"}],"shapes":[{"ind":0,"ty":"sh","ks":{"k":{"i":[[0,25.68],[0,0],[-21.479,0],[-4.44,-2.521],[0,0],[8.64,0],[0,-24.238],[0,0],[-20.399,0],[-4.68,2.64],[0,0],[11.279,0]],"o":[[0,0],[0,-25.919],[9.239,0],[0,0],[-4.8,-2.52],[-19.56,0],[0,0],[0,24.119],[10.56,0],[0,0],[-3.96,2.159],[-21.839,0]],"v":[[-163.856,-8.16],[-163.856,-9.72],[-129.897,-49.198],[-110.818,-44.878],[-110.818,-42.118],[-129.897,-46.438],[-160.736,-10.08],[-160.736,-8.04],[-131.217,28.799],[-110.338,23.399],[-110.338,26.279],[-131.457,31.559]],"c":true}},"nm":"路径 1","mn":"ADBE Vector Shape - Group"}],"ip":0,"op":140,"st":0,"bm":0,"sr":1},{"ddd":0,"ind":11,"ty":4,"nm":"形状图层 3","ks":{"o":{"k":100},"r":{"k":0},"p":{"k":[393.5,225,0]},"a":{"k":[0,0,0]},"s":{"k":[100,100,100]}},"ao":0,"shapes":[{"ty":"gr","it":[{"ty":"rc","d":1,"s":{"k":[2.757,15.836]},"p":{"k":[0,0]},"r":{"k":0},"nm":"矩形路径 1","mn":"ADBE Vector Shape - Rect"},{"ty":"fl","fillEnabled":true,"c":{"k":[1,0.5569,0.2275,1]},"o":{"k":100},"nm":"填充 1","mn":"ADBE Vector Graphic - Fill"},{"ty":"tr","p":{"k":[395.003,-82.082],"ix":2},"a":{"k":[0,0],"ix":1},"s":{"k":[100,100],"ix":3},"r":{"k":0,"ix":6},"o":{"k":100,"ix":7},"sk":{"k":0,"ix":4},"sa":{"k":0,"ix":5},"nm":"变换"}],"nm":"矩形 1","np":3,"mn":"ADBE Vector Group"}],"ip":0,"op":140,"st":0,"bm":0,"sr":1},{"ddd":0,"ind":12,"ty":4,"nm":"“图层 2”轮廓","ks":{"o":{"k":100},"r":{"k":0},"p":{"k":[371.5,221,0]},"a":{"k":[417.5,314,0]},"s":{"k":[100,100,100]}},"ao":0,"shapes":[{"ty":"gr","it":[{"ind":0,"ty":"sh","ks":{"k":{"i":[[1.381,0],[0,-1.381],[-1.381,0],[0,1.381]],"o":[[-1.381,0],[0,1.381],[1.381,0],[0,-1.381]],"v":[[0,-2.5],[-2.5,0],[0,2.5],[2.5,0]],"c":true}},"nm":"路径 1","mn":"ADBE Vector Shape - Group"},{"ind":1,"ty":"sh","ks":{"k":{"i":[[-0.275,0],[0,-0.275],[0.275,0],[0,0.275]],"o":[[0.275,0],[0,0.275],[-0.275,0],[0,-0.275]],"v":[[0,-0.5],[0.5,0],[0,0.5],[-0.5,0]],"c":true}},"nm":"路径 2","mn":"ADBE Vector Shape - Group"},{"ty":"mm","mm":1,"nm":"合并路径 1","mn":"ADBE Vector Filter - Merge"},{"ty":"fl","fillEnabled":true,"c":{"k":[1,0.4431,0,1]},"o":{"k":100},"nm":"填充 1","mn":"ADBE Vector Graphic - Fill"},{"ty":"tr","p":{"k":[680.5,341.5],"ix":2},"a":{"k":[0,0],"ix":1},"s":{"k":[100,100],"ix":3},"r":{"k":0,"ix":6},"o":{"k":100,"ix":7},"sk":{"k":0,"ix":4},"sa":{"k":0,"ix":5},"nm":"变换"}],"nm":"组 1","np":4,"mn":"ADBE Vector Group"}],"ip":0,"op":140,"st":0,"bm":0,"sr":1},{"ddd":0,"ind":13,"ty":4,"nm":"“图层 3”轮廓","ks":{"o":{"k":100},"r":{"k":0},"p":{"k":[371.5,221,0]},"a":{"k":[417.5,314,0]},"s":{"k":[100,100,100]}},"ao":0,"shapes":[{"ty":"gr","it":[{"ind":0,"ty":"sh","ks":{"k":{"i":[[1.933,0],[0,-1.933],[-1.933,0],[0,1.933]],"o":[[-1.933,0],[0,1.933],[1.933,0],[0,-1.933]],"v":[[0,-3.5],[-3.5,0],[0,3.5],[3.5,0]],"c":true}},"nm":"路径 1","mn":"ADBE Vector Shape - Group"},{"ind":1,"ty":"sh","ks":{"k":{"i":[[-0.827,0],[0,-0.827],[0.827,0],[0,0.827]],"o":[[0.827,0],[0,0.827],[-0.827,0],[0,-0.827]],"v":[[0,-1.5],[1.5,0],[0,1.5],[-1.5,0]],"c":true}},"nm":"路径 2","mn":"ADBE Vector Shape - Group"},{"ty":"mm","mm":1,"nm":"合并路径 1","mn":"ADBE Vector Filter - Merge"},{"ty":"fl","fillEnabled":true,"c":{"k":[1,0.4431,0,1]},"o":{"k":100},"nm":"填充 1","mn":"ADBE Vector Graphic - Fill"},{"ty":"tr","p":{"k":[610.5,278.5],"ix":2},"a":{"k":[0,0],"ix":1},"s":{"k":[100,100],"ix":3},"r":{"k":0,"ix":6},"o":{"k":100,"ix":7},"sk":{"k":0,"ix":4},"sa":{"k":0,"ix":5},"nm":"变换"}],"nm":"组 1","np":4,"mn":"ADBE Vector Group"}],"ip":0,"op":140,"st":0,"bm":0,"sr":1},{"ddd":0,"ind":14,"ty":4,"nm":"“图层 5”轮廓","ks":{"o":{"k":100},"r":{"k":0},"p":{"k":[371.5,221,0]},"a":{"k":[417.5,314,0]},"s":{"k":[100,100,100]}},"ao":0,"shapes":[{"ty":"gr","it":[{"ind":0,"ty":"sh","ks":{"k":{"i":[[0,0],[0,0],[0,0]],"o":[[0,0],[0,0],[0,0]],"v":[[-92,17],[58,-18],[92,18]],"c":false}},"nm":"路径 1","mn":"ADBE Vector Shape - Group"},{"ty":"st","fillEnabled":true,"c":{"k":[1,0.5569,0.2275,1]},"o":{"k":100},"w":{"k":2},"lc":1,"lj":1,"ml":10,"nm":"描边 1","mn":"ADBE Vector Graphic - Stroke"},{"ty":"tr","p":{"k":[702,212],"ix":2},"a":{"k":[0,0],"ix":1},"s":{"k":[100,100],"ix":3},"r":{"k":0,"ix":6},"o":{"k":100,"ix":7},"sk":{"k":0,"ix":4},"sa":{"k":0,"ix":5},"nm":"变换"}],"nm":"组 1","np":2,"mn":"ADBE Vector Group"}],"ip":0,"op":140,"st":0,"bm":0,"sr":1},{"ddd":0,"ind":15,"ty":4,"nm":"“图层 6”轮廓","ks":{"o":{"k":100},"r":{"k":0},"p":{"k":[371.5,221,0]},"a":{"k":[417.5,314,0]},"s":{"k":[100,100,100]}},"ao":0,"shapes":[{"ty":"gr","it":[{"ind":0,"ty":"sh","ks":{"k":{"i":[[0,0],[0,0],[0,0],[0,0]],"o":[[0,0],[0,0],[0,0],[0,0]],"v":[[5.363,-10],[-5.362,-10],[-5.362,0],[5.363,10]],"c":true}},"nm":"路径 1","mn":"ADBE Vector Shape - Group"},{"ind":1,"ty":"sh","ks":{"k":{"i":[[0,0],[0,0],[0,0],[0,0]],"o":[[0,0],[0,0],[0,0],[0,0]],"v":[[3.363,-8],[3.363,5.401],[-3.362,-0.87],[-3.362,-8]],"c":true}},"nm":"路径 2","mn":"ADBE Vector Shape - Group"},{"ty":"mm","mm":1,"nm":"合并路径 1","mn":"ADBE Vector Filter - Merge"},{"ty":"fl","fillEnabled":true,"c":{"k":[1,0.5569,0.2275,1]},"o":{"k":100},"nm":"填充 1","mn":"ADBE Vector Graphic - Fill"},{"ty":"tr","p":{"k":[734.637,259],"ix":2},"a":{"k":[0,0],"ix":1},"s":{"k":[100,100],"ix":3},"r":{"k":0,"ix":6},"o":{"k":100,"ix":7},"sk":{"k":0,"ix":4},"sa":{"k":0,"ix":5},"nm":"变换"}],"nm":"组 1","np":4,"mn":"ADBE Vector Group"}],"ip":0,"op":140,"st":0,"bm":0,"sr":1},{"ddd":0,"ind":16,"ty":4,"nm":"nn 2","ks":{"o":{"k":100},"r":{"k":[{"i":{"x":[0.667],"y":[1]},"o":{"x":[0.333],"y":[0]},"n":["0p667_1_0p333_0"],"t":46,"s":[0],"e":[15]},{"i":{"x":[0.667],"y":[1]},"o":{"x":[0.333],"y":[0]},"n":["0p667_1_0p333_0"],"t":49,"s":[15],"e":[0]},{"t":52}]},"p":{"k":[{"i":{"x":0.833,"y":0.833},"o":{"x":0.167,"y":0.167},"n":"0p833_0p833_0p167_0p167","t":46,"s":[620,351.375,0],"e":[638,351.375,0],"to":[3,0,0],"ti":[-3,0,0]},{"t":49}]},"a":{"k":[27.25,29.875,0]},"s":{"k":[{"i":{"x":[0.667,0.667,0.667],"y":[0.667,1,0.667]},"o":{"x":[0.333,0.333,0.333],"y":[0.333,0,0.333]},"n":["0p667_0p667_0p333_0p333","0p667_1_0p333_0","0p667_0p667_0p333_0p333"],"t":46,"s":[100,100,100],"e":[100,85,100]},{"i":{"x":[0.667,0.667,0.667],"y":[0.667,1,0.667]},"o":{"x":[0.333,0.333,0.333],"y":[0.333,0,0.333]},"n":["0p667_0p667_0p333_0p333","0p667_1_0p333_0","0p667_0p667_0p333_0p333"],"t":49,"s":[100,85,100],"e":[100,100,100]},{"t":52}]}},"ao":0,"shapes":[{"ind":0,"ty":"sh","ks":{"k":[{"i":{"x":0.667,"y":1},"o":{"x":0.333,"y":0},"n":"0p667_1_0p333_0","t":46,"s":[{"i":[[0,0],[0,0],[0,0],[0,0],[0,0],[0.626,1.68],[6.339,0],[6.373,-3.627],[0,0],[0,0],[0,0],[0,0],[0,0],[0,0],[0,0],[0,0],[0,0],[0,0],[0,0],[0,0],[0,0],[0,0],[0,0],[-6.283,0],[-0.483,-0.019],[-0.51,0],[0,-10.8],[0,0],[0,0],[0,0]],"o":[[0,0],[0,0],[0,0],[0,0],[0,0],[-2.212,-3.344],[-6.298,0],[0,0],[0,0],[0,0],[0,0],[0,0],[0,0],[0,0],[0,0],[0,0],[0,0],[0,0],[0,0],[0,0],[0,0],[0,0],[6.365,-3.293],[0.504,0],[0.517,-0.022],[10.559,0],[0,0],[0,0],[0,0],[0,0]],"v":[[27,30.392],[12,30.392],[12,27.392],[16.339,27.392],[16.37,0.375],[15.402,-21.076],[2.7,-25.752],[-16.659,-20.337],[-16.628,0.375],[-16.659,27.392],[-12,27.392],[-12,30.392],[-27,30.392],[-27,27.392],[-22.659,27.392],[-22.628,0.375],[-22.659,-29.552],[-19.779,-29.552],[-19.779,-27.552],[-19.659,-27.552],[-19.659,-29.552],[-16.779,-29.552],[-16.779,-25.42],[2.78,-30.392],[4.231,-30.335],[5.78,-30.392],[22.339,-15.393],[22.37,0.25],[22.339,27.392],[27,27.392]],"c":true}],"e":[{"i":[[0,0],[0,0],[0,0],[0,0],[0,11.25],[0.626,1.68],[6.339,0],[6.373,-3.627],[0,-11.25],[0,0],[0,0],[0,0],[0,0],[0,0],[0,0],[0,11.806],[0,0],[0,0],[0,0],[0,0],[0,0],[0,0],[0,0],[-6.283,0],[-0.483,-0.019],[-0.51,0],[-2.661,-5.351],[0,-8.18],[0,0],[0,0]],"o":[[0,0],[0,0],[0,0],[0,0],[0,-11.25],[-2.212,-3.344],[-6.298,0],[0,0],[0,11.25],[0,0],[0,0],[0,0],[0,0],[0,0],[0,0],[0,-11.806],[0,0],[0,0],[0,0],[0,0],[0,0],[0,0],[6.365,-3.293],[0.504,0],[0.517,-0.022],[10.559,0],[2.661,5.351],[0,8.181],[0,0],[0,0]],"v":[[27,30.392],[12,30.392],[12,27.392],[16.339,27.392],[23.745,0.375],[17.402,-19.687],[2.7,-25.752],[-14.534,-20.198],[-9.253,0.375],[-16.659,27.392],[-12,27.392],[-12,30.392],[-27,30.392],[-27,27.392],[-22.659,27.392],[-15.253,0.375],[-22.659,-29.552],[-19.779,-29.552],[-19.779,-27.552],[-19.659,-27.552],[-19.659,-29.552],[-16.779,-29.552],[-16.779,-25.42],[2.78,-30.392],[4.231,-30.335],[5.78,-30.392],[23.839,-18.448],[29.745,0.25],[22.339,27.392],[27,27.392]],"c":true}]},{"i":{"x":0.833,"y":1},"o":{"x":0.333,"y":0},"n":"0p833_1_0p333_0","t":49,"s":[{"i":[[0,0],[0,0],[0,0],[0,0],[0,11.25],[0.626,1.68],[6.339,0],[6.373,-3.627],[0,-11.25],[0,0],[0,0],[0,0],[0,0],[0,0],[0,0],[0,11.806],[0,0],[0,0],[0,0],[0,0],[0,0],[0,0],[0,0],[-6.283,0],[-0.483,-0.019],[-0.51,0],[-2.661,-5.351],[0,-8.18],[0,0],[0,0]],"o":[[0,0],[0,0],[0,0],[0,0],[0,-11.25],[-2.212,-3.344],[-6.298,0],[0,0],[0,11.25],[0,0],[0,0],[0,0],[0,0],[0,0],[0,0],[0,-11.806],[0,0],[0,0],[0,0],[0,0],[0,0],[0,0],[6.365,-3.293],[0.504,0],[0.517,-0.022],[10.559,0],[2.661,5.351],[0,8.181],[0,0],[0,0]],"v":[[27,30.392],[12,30.392],[12,27.392],[16.339,27.392],[23.745,0.375],[17.402,-19.687],[2.7,-25.752],[-14.534,-20.198],[-9.253,0.375],[-16.659,27.392],[-12,27.392],[-12,30.392],[-27,30.392],[-27,27.392],[-22.659,27.392],[-15.253,0.375],[-22.659,-29.552],[-19.779,-29.552],[-19.779,-27.552],[-19.659,-27.552],[-19.659,-29.552],[-16.779,-29.552],[-16.779,-25.42],[2.78,-30.392],[4.231,-30.335],[5.78,-30.392],[23.839,-18.448],[29.745,0.25],[22.339,27.392],[27,27.392]],"c":true}],"e":[{"i":[[0,0],[0,0],[0,0],[0,0],[0,0],[0.626,1.68],[6.339,0],[6.373,-3.627],[0,0],[0,0],[0,0],[0,0],[0,0],[0,0],[0,0],[0,0],[0,0],[0,0],[0,0],[0,0],[0,0],[0,0],[0,0],[-6.283,0],[-0.483,-0.019],[-0.51,0],[0,-10.8],[0,0],[0,0],[0,0]],"o":[[0,0],[0,0],[0,0],[0,0],[0,0],[-2.212,-3.344],[-6.298,0],[0,0],[0,0],[0,0],[0,0],[0,0],[0,0],[0,0],[0,0],[0,0],[0,0],[0,0],[0,0],[0,0],[0,0],[0,0],[6.365,-3.293],[0.504,0],[0.517,-0.022],[10.559,0],[0,0],[0,0],[0,0],[0,0]],"v":[[27,30.392],[12,30.392],[12,27.392],[16.339,27.392],[16.37,0.375],[15.402,-21.076],[2.7,-25.752],[-16.659,-20.337],[-16.628,0.375],[-16.659,27.392],[-12,27.392],[-12,30.392],[-27,30.392],[-27,27.392],[-22.659,27.392],[-22.628,0.375],[-22.659,-29.552],[-19.779,-29.552],[-19.779,-27.552],[-19.659,-27.552],[-19.659,-29.552],[-16.779,-29.552],[-16.779,-25.42],[2.78,-30.392],[4.231,-30.335],[5.78,-30.392],[22.339,-15.393],[22.37,0.25],[22.339,27.392],[27,27.392]],"c":true}]},{"t":52}]},"nm":"路径 1","mn":"ADBE Vector Shape - Group"},{"ty":"fl","fillEnabled":true,"c":{"k":[0,0,0,1]},"o":{"k":100},"nm":"填充 1","mn":"ADBE Vector Graphic - Fill"}],"ip":0,"op":140,"st":0,"bm":0,"sr":1},{"ddd":0,"ind":17,"ty":4,"nm":"形状图层 9","ks":{"o":{"k":100},"r":{"k":0},"p":{"k":[329.5,351.5,0]},"a":{"k":[0,0,0]},"s":{"k":[100,100,100]}},"ao":0,"shapes":[{"ind":0,"ty":"sh","ks":{"k":{"i":[[0,0],[0,0],[0,0],[0,0]],"o":[[0,0],[0,0],[0,0],[0,0]],"v":[[-8,-1.5],[8,-1.5],[8,1.5],[-8,1.5]],"c":true}},"nm":"路径 1","mn":"ADBE Vector Shape - Group"},{"ty":"fl","fillEnabled":true,"c":{"k":[0,0,0,1]},"o":{"k":100},"nm":"填充 1","mn":"ADBE Vector Graphic - Fill"}],"ip":0,"op":140,"st":0,"bm":0,"sr":1},{"ddd":0,"ind":18,"ty":4,"nm":"形状图层 8","ks":{"o":{"k":100},"r":{"k":0},"p":{"k":[290,351.5,0]},"a":{"k":[0,0,0]},"s":{"k":[100,100,100]}},"ao":0,"shapes":[{"ind":0,"ty":"sh","ks":{"k":{"i":[[0,0],[0,0],[0,0],[0,0]],"o":[[0,0],[0,0],[0,0],[0,0]],"v":[[-8,-1.5],[8,-1.5],[8,1.5],[-8,1.5]],"c":true}},"nm":"路径 1","mn":"ADBE Vector Shape - Group"},{"ty":"fl","fillEnabled":true,"c":{"k":[0,0,0,1]},"o":{"k":100},"nm":"填充 1","mn":"ADBE Vector Graphic - Fill"}],"ip":0,"op":140,"st":0,"bm":0,"sr":1},{"ddd":0,"ind":19,"ty":4,"nm":"形状图层 7","ks":{"o":{"k":100},"r":{"k":0},"p":{"k":[274,351.5,0]},"a":{"k":[0,0,0]},"s":{"k":[92,100,100]}},"ao":0,"shapes":[{"ind":0,"ty":"sh","ks":{"k":{"i":[[0,0],[0,0],[0,0],[0,0]],"o":[[0,0],[0,0],[0,0],[0,0]],"v":[[-8,-1.5],[8,-1.5],[8,1.5],[-8,1.5]],"c":true}},"nm":"路径 1","mn":"ADBE Vector Shape - Group"},{"ty":"fl","fillEnabled":true,"c":{"k":[0,0,0,1]},"o":{"k":100},"nm":"填充 1","mn":"ADBE Vector Graphic - Fill"}],"ip":0,"op":140,"st":0,"bm":0,"sr":1},{"ddd":0,"ind":20,"ty":4,"nm":"形状图层 6","ks":{"o":{"k":100},"r":{"k":0},"p":{"k":[257.5,351.5,0]},"a":{"k":[0,0,0]},"s":{"k":[89,100,100]}},"ao":0,"shapes":[{"ind":0,"ty":"sh","ks":{"k":{"i":[[0,0],[0,0],[0,0],[0,0]],"o":[[0,0],[0,0],[0,0],[0,0]],"v":[[-8,-1.5],[8,-1.5],[8,1.5],[-8,1.5]],"c":true}},"nm":"路径 1","mn":"ADBE Vector Shape - Group"},{"ty":"fl","fillEnabled":true,"c":{"k":[0,0,0,1]},"o":{"k":100},"nm":"填充 1","mn":"ADBE Vector Graphic - Fill"}],"ip":0,"op":140,"st":0,"bm":0,"sr":1},{"ddd":0,"ind":21,"ty":4,"nm":"形状图层 5","ks":{"o":{"k":100},"r":{"k":0},"p":{"k":[222.5,351.5,0]},"a":{"k":[0,0,0]},"s":{"k":[100,100,100]}},"ao":0,"shapes":[{"ind":0,"ty":"sh","ks":{"k":{"i":[[0,0],[0,0],[0,0],[0,0]],"o":[[0,0],[0,0],[0,0],[0,0]],"v":[[-8,-1.5],[8,-1.5],[8,1.5],[-8,1.5]],"c":true}},"nm":"路径 1","mn":"ADBE Vector Shape - Group"},{"ty":"fl","fillEnabled":true,"c":{"k":[0,0,0,1]},"o":{"k":100},"nm":"填充 1","mn":"ADBE Vector Graphic - Fill"}],"ip":0,"op":140,"st":0,"bm":0,"sr":1},{"ddd":0,"ind":22,"ty":4,"nm":"形状图层 4","ks":{"o":{"k":100},"r":{"k":0},"p":{"k":[187.5,351.5,0]},"a":{"k":[0,0,0]},"s":{"k":[100,100,100]}},"ao":0,"shapes":[{"ind":0,"ty":"sh","ks":{"k":{"i":[[0,0],[0,0],[0,0],[0,0]],"o":[[0,0],[0,0],[0,0],[0,0]],"v":[[-8,-1.5],[8,-1.5],[8,1.5],[-8,1.5]],"c":true}},"nm":"路径 1","mn":"ADBE Vector Shape - Group"},{"ty":"fl","fillEnabled":true,"c":{"k":[0,0,0,1]},"o":{"k":100},"nm":"填充 1","mn":"ADBE Vector Graphic - Fill"}],"ip":0,"op":140,"st":0,"bm":0,"sr":1},{"ddd":0,"ind":23,"ty":4,"nm":"“图层 7”轮廓","ks":{"o":{"k":100},"r":{"k":0},"p":{"k":[371.5,221,0]},"a":{"k":[417.5,314,0]},"s":{"k":[100,100,100]}},"ao":0,"shapes":[{"ty":"gr","it":[{"ind":0,"ty":"sh","ks":{"k":{"i":[[0,0],[0,0],[0,0],[0,0]],"o":[[0,0],[0,0],[0,0],[0,0]],"v":[[11,20],[-11,0],[-11,-20],[11,-20]],"c":true}},"nm":"路径 1","mn":"ADBE Vector Shape - Group"},{"ty":"st","fillEnabled":true,"c":{"k":[1,0.5569,0.2275,1]},"o":{"k":100},"w":{"k":3},"lc":1,"lj":1,"ml":10,"nm":"描边 1","mn":"ADBE Vector Graphic - Stroke"},{"ty":"tr","p":{"k":[734.5,262.5],"ix":2},"a":{"k":[0,0],"ix":1},"s":{"k":[100,100],"ix":3},"r":{"k":0,"ix":6},"o":{"k":100,"ix":7},"sk":{"k":0,"ix":4},"sa":{"k":0,"ix":5},"nm":"变换"}],"nm":"组 1","np":2,"mn":"ADBE Vector Group"}],"ip":0,"op":140,"st":0,"bm":0,"sr":1},{"ddd":0,"ind":24,"ty":4,"nm":"“图层 8”轮廓","ks":{"o":{"k":100},"r":{"k":0},"p":{"k":[371.5,221,0]},"a":{"k":[417.5,314,0]},"s":{"k":[100,100,100]}},"ao":0,"shapes":[{"ty":"gr","it":[{"ind":0,"ty":"sh","ks":{"k":{"i":[[0,0],[0,0],[0,0],[0,0]],"o":[[0,0],[0,0],[0,0],[0,0]],"v":[[13,-1],[-13,-1],[-13,1],[13,1]],"c":true}},"nm":"路径 1","mn":"ADBE Vector Shape - Group"},{"ty":"fl","fillEnabled":true,"c":{"k":[1,0.5569,0.2275,1]},"o":{"k":100},"nm":"填充 1","mn":"ADBE Vector Graphic - Fill"},{"ty":"tr","p":{"k":[760,374],"ix":2},"a":{"k":[0,0],"ix":1},"s":{"k":[100,100],"ix":3},"r":{"k":0,"ix":6},"o":{"k":100,"ix":7},"sk":{"k":0,"ix":4},"sa":{"k":0,"ix":5},"nm":"变换"}],"nm":"组 1","np":2,"mn":"ADBE Vector Group"},{"ty":"gr","it":[{"ind":0,"ty":"sh","ks":{"k":{"i":[[0,0],[0,0],[0,0],[0,0]],"o":[[0,0],[0,0],[0,0],[0,0]],"v":[[13,-1],[-13,-1],[-13,1],[13,1]],"c":true}},"nm":"路径 1","mn":"ADBE Vector Shape - Group"},{"ty":"fl","fillEnabled":true,"c":{"k":[1,0.5569,0.2275,1]},"o":{"k":100},"nm":"填充 1","mn":"ADBE Vector Graphic - Fill"},{"ty":"tr","p":{"k":[760,351],"ix":2},"a":{"k":[0,0],"ix":1},"s":{"k":[100,100],"ix":3},"r":{"k":0,"ix":6},"o":{"k":100,"ix":7},"sk":{"k":0,"ix":4},"sa":{"k":0,"ix":5},"nm":"变换"}],"nm":"组 2","np":2,"mn":"ADBE Vector Group"},{"ty":"gr","it":[{"ind":0,"ty":"sh","ks":{"k":{"i":[[0,0],[0,0],[0,0],[0,0]],"o":[[0,0],[0,0],[0,0],[0,0]],"v":[[13,-1],[-13,-1],[-13,1],[13,1]],"c":true}},"nm":"路径 1","mn":"ADBE Vector Shape - Group"},{"ty":"fl","fillEnabled":true,"c":{"k":[1,0.5569,0.2275,1]},"o":{"k":100},"nm":"填充 1","mn":"ADBE Vector Graphic - Fill"},{"ty":"tr","p":{"k":[760,330],"ix":2},"a":{"k":[0,0],"ix":1},"s":{"k":[100,100],"ix":3},"r":{"k":0,"ix":6},"o":{"k":100,"ix":7},"sk":{"k":0,"ix":4},"sa":{"k":0,"ix":5},"nm":"变换"}],"nm":"组 3","np":2,"mn":"ADBE Vector Group"},{"ty":"gr","it":[{"ind":0,"ty":"sh","ks":{"k":{"i":[[0,0],[0,0],[0,0],[0,0]],"o":[[0,0],[0,0],[0,0],[0,0]],"v":[[13,-1],[-13,-1],[-13,1],[13,1]],"c":true}},"nm":"路径 1","mn":"ADBE Vector Shape - Group"},{"ty":"fl","fillEnabled":true,"c":{"k":[1,0.5569,0.2275,1]},"o":{"k":100},"nm":"填充 1","mn":"ADBE Vector Graphic - Fill"},{"ty":"tr","p":{"k":[760,309],"ix":2},"a":{"k":[0,0],"ix":1},"s":{"k":[100,100],"ix":3},"r":{"k":0,"ix":6},"o":{"k":100,"ix":7},"sk":{"k":0,"ix":4},"sa":{"k":0,"ix":5},"nm":"变换"}],"nm":"组 4","np":2,"mn":"ADBE Vector Group"},{"ty":"gr","it":[{"ind":0,"ty":"sh","ks":{"k":{"i":[[0,0],[0,0],[0,0],[0,0]],"o":[[0,0],[0,0],[0,0],[0,0]],"v":[[13,-1],[-13,-1],[-13,1],[13,1]],"c":true}},"nm":"路径 1","mn":"ADBE Vector Shape - Group"},{"ty":"fl","fillEnabled":true,"c":{"k":[1,0.5569,0.2275,1]},"o":{"k":100},"nm":"填充 1","mn":"ADBE Vector Graphic - Fill"},{"ty":"tr","p":{"k":[760,286],"ix":2},"a":{"k":[0,0],"ix":1},"s":{"k":[100,100],"ix":3},"r":{"k":0,"ix":6},"o":{"k":100,"ix":7},"sk":{"k":0,"ix":4},"sa":{"k":0,"ix":5},"nm":"变换"}],"nm":"组 5","np":2,"mn":"ADBE Vector Group"},{"ty":"gr","it":[{"ind":0,"ty":"sh","ks":{"k":{"i":[[0,0],[0,0],[0,0],[0,0]],"o":[[0,0],[0,0],[0,0],[0,0]],"v":[[13,-1],[-13,-1],[-13,1],[13,1]],"c":true}},"nm":"路径 1","mn":"ADBE Vector Shape - Group"},{"ty":"fl","fillEnabled":true,"c":{"k":[1,0.5569,0.2275,1]},"o":{"k":100},"nm":"填充 1","mn":"ADBE Vector Graphic - Fill"},{"ty":"tr","p":{"k":[760,265],"ix":2},"a":{"k":[0,0],"ix":1},"s":{"k":[100,100],"ix":3},"r":{"k":0,"ix":6},"o":{"k":100,"ix":7},"sk":{"k":0,"ix":4},"sa":{"k":0,"ix":5},"nm":"变换"}],"nm":"组 6","np":2,"mn":"ADBE Vector Group"}],"ip":0,"op":140,"st":0,"bm":0,"sr":1},{"ddd":0,"ind":25,"ty":4,"nm":"“图层 9”轮廓","ks":{"o":{"k":100},"r":{"k":0},"p":{"k":[371.5,221,0]},"a":{"k":[417.5,314,0]},"s":{"k":[100,100,100]}},"ao":0,"shapes":[{"ty":"gr","it":[{"ind":0,"ty":"sh","ks":{"k":{"i":[[0,0],[0,0],[0,0],[0,0]],"o":[[0,0],[0,0],[0,0],[0,0]],"v":[[16,-78],[-16,-78],[-16,78],[16,78]],"c":true}},"nm":"路径 1","mn":"ADBE Vector Shape - Group"},{"ind":1,"ty":"sh","ks":{"k":{"i":[[0,0],[0,0],[0,0],[0,0]],"o":[[0,0],[0,0],[0,0],[0,0]],"v":[[13,75],[-13,75],[-13,-75],[13,-75]],"c":true}},"nm":"路径 2","mn":"ADBE Vector Shape - Group"},{"ty":"mm","mm":1,"nm":"合并路径 1","mn":"ADBE Vector Filter - Merge"},{"ty":"fl","fillEnabled":true,"c":{"k":[1,0.5569,0.2275,1]},"o":{"k":100},"nm":"填充 1","mn":"ADBE Vector Graphic - Fill"},{"ty":"tr","p":{"k":[760,319],"ix":2},"a":{"k":[0,0],"ix":1},"s":{"k":[100,100],"ix":3},"r":{"k":0,"ix":6},"o":{"k":100,"ix":7},"sk":{"k":0,"ix":4},"sa":{"k":0,"ix":5},"nm":"变换"}],"nm":"组 1","np":4,"mn":"ADBE Vector Group"}],"ip":0,"op":140,"st":0,"bm":0,"sr":1},{"ddd":0,"ind":26,"ty":4,"nm":"“图层 10”轮廓","ks":{"o":{"k":100},"r":{"k":0},"p":{"k":[371.5,221,0]},"a":{"k":[417.5,314,0]},"s":{"k":[100,100,100]}},"ao":0,"shapes":[{"ty":"gr","it":[{"ind":0,"ty":"sh","ks":{"k":{"i":[[0,0],[0,0],[0,0],[0,0],[0,0],[0,0],[0,0],[0,0]],"o":[[0,0],[0,0],[0,0],[0,0],[0,0],[0,0],[0,0],[0,0]],"v":[[13.75,-76.5],[-13.75,-55.5],[13.75,-32.5],[-13.75,-10.5],[13.75,10.5],[-13.75,32.5],[13.75,54.5],[-13.75,76.5]],"c":false}},"nm":"路径 1","mn":"ADBE Vector Shape - Group"},{"ty":"st","fillEnabled":true,"c":{"k":[1,0.5569,0.2275,1]},"o":{"k":100},"w":{"k":2},"lc":1,"lj":1,"ml":10,"nm":"描边 1","mn":"ADBE Vector Graphic - Stroke"},{"ty":"tr","p":{"k":[760.25,320],"ix":2},"a":{"k":[0,0],"ix":1},"s":{"k":[100,100],"ix":3},"r":{"k":0,"ix":6},"o":{"k":100,"ix":7},"sk":{"k":0,"ix":4},"sa":{"k":0,"ix":5},"nm":"变换"}],"nm":"组 1","np":2,"mn":"ADBE Vector Group"}],"ip":0,"op":140,"st":0,"bm":0,"sr":1},{"ddd":0,"ind":27,"ty":4,"nm":"“图层 11”轮廓","ks":{"o":{"k":100},"r":{"k":0},"p":{"k":[371.5,221,0]},"a":{"k":[417.5,314,0]},"s":{"k":[100,100,100]}},"ao":0,"shapes":[{"ty":"gr","it":[{"ind":0,"ty":"sh","ks":{"k":{"i":[[0,0],[0,0],[0,0],[0,0],[0,0],[0,0],[0,0],[0,0]],"o":[[0,0],[0,0],[0,0],[0,0],[0,0],[0,0],[0,0],[0,0]],"v":[[-13.75,-76.5],[13.75,-55.5],[-13.75,-32.5],[13.75,-10.5],[-13.75,10.5],[13.75,32.5],[-13.75,54.5],[13.75,76.5]],"c":false}},"nm":"路径 1","mn":"ADBE Vector Shape - Group"},{"ty":"st","fillEnabled":true,"c":{"k":[1,0.5569,0.2275,1]},"o":{"k":100},"w":{"k":2},"lc":1,"lj":1,"ml":10,"nm":"描边 1","mn":"ADBE Vector Graphic - Stroke"},{"ty":"tr","p":{"k":[759.25,319],"ix":2},"a":{"k":[0,0],"ix":1},"s":{"k":[100,100],"ix":3},"r":{"k":0,"ix":6},"o":{"k":100,"ix":7},"sk":{"k":0,"ix":4},"sa":{"k":0,"ix":5},"nm":"变换"}],"nm":"组 1","np":2,"mn":"ADBE Vector Group"}],"ip":0,"op":140,"st":0,"bm":0,"sr":1},{"ddd":0,"ind":28,"ty":4,"nm":"“图层 12”轮廓","ks":{"o":{"k":100},"r":{"k":0},"p":{"k":[371.5,221,0]},"a":{"k":[417.5,314,0]},"s":{"k":[100,100,100]}},"ao":0,"shapes":[{"ty":"gr","it":[{"ind":0,"ty":"sh","ks":{"k":{"i":[[0,0],[0,0],[0,0],[0,0],[0,0],[0,0],[0,0],[0,0]],"o":[[0,0],[0,0],[0,0],[0,0],[0,0],[0,0],[0,0],[0,0]],"v":[[-114,-8],[-114,8],[114,8],[114,5],[-111,5],[-111,-5],[114,-5],[114,-8]],"c":true}},"nm":"路径 1","mn":"ADBE Vector Shape - Group"},{"ty":"fl","fillEnabled":true,"c":{"k":[1,0.5569,0.2275,1]},"o":{"k":100},"nm":"填充 1","mn":"ADBE Vector Graphic - Fill"},{"ty":"tr","p":{"k":[721,236],"ix":2},"a":{"k":[0,0],"ix":1},"s":{"k":[100,100],"ix":3},"r":{"k":0,"ix":6},"o":{"k":100,"ix":7},"sk":{"k":0,"ix":4},"sa":{"k":0,"ix":5},"nm":"变换"}],"nm":"组 1","np":2,"mn":"ADBE Vector Group"}],"ip":0,"op":140,"st":0,"bm":0,"sr":1},{"ddd":0,"ind":29,"ty":4,"nm":"“图层 13”轮廓","ks":{"o":{"k":100},"r":{"k":0},"p":{"k":[371.5,221,0]},"a":{"k":[417.5,314,0]},"s":{"k":[100,100,100]}},"ao":0,"shapes":[{"ty":"gr","it":[{"ind":0,"ty":"sh","ks":{"k":{"i":[[0,0],[0,0],[0,0],[0,0]],"o":[[0,0],[0,0],[0,0],[0,0]],"v":[[-1,5.5],[1,5.5],[1,-5.5],[-1,-5.5]],"c":true}},"nm":"路径 1","mn":"ADBE Vector Shape - Group"},{"ty":"fl","fillEnabled":true,"c":{"k":[0.9725,0.8824,0.3216,1]},"o":{"k":100},"nm":"填充 1","mn":"ADBE Vector Graphic - Fill"},{"ty":"tr","p":{"k":[813,235.5],"ix":2},"a":{"k":[0,0],"ix":1},"s":{"k":[100,100],"ix":3},"r":{"k":0,"ix":6},"o":{"k":100,"ix":7},"sk":{"k":0,"ix":4},"sa":{"k":0,"ix":5},"nm":"变换"}],"nm":"组 1","np":2,"mn":"ADBE Vector Group"},{"ty":"gr","it":[{"ind":0,"ty":"sh","ks":{"k":{"i":[[0,0],[0,0],[0,0],[0,0]],"o":[[0,0],[0,0],[0,0],[0,0]],"v":[[-1,5.5],[1,5.5],[1,-5.5],[-1,-5.5]],"c":true}},"nm":"路径 1","mn":"ADBE Vector Shape - Group"},{"ty":"fl","fillEnabled":true,"c":{"k":[0.9725,0.8824,0.3216,1]},"o":{"k":100},"nm":"填充 1","mn":"ADBE Vector Graphic - Fill"},{"ty":"tr","p":{"k":[791,235.5],"ix":2},"a":{"k":[0,0],"ix":1},"s":{"k":[100,100],"ix":3},"r":{"k":0,"ix":6},"o":{"k":100,"ix":7},"sk":{"k":0,"ix":4},"sa":{"k":0,"ix":5},"nm":"变换"}],"nm":"组 2","np":2,"mn":"ADBE Vector Group"},{"ty":"gr","it":[{"ind":0,"ty":"sh","ks":{"k":{"i":[[0,0],[0,0],[0,0],[0,0]],"o":[[0,0],[0,0],[0,0],[0,0]],"v":[[-1,5.5],[1,5.5],[1,-5.5],[-1,-5.5]],"c":true}},"nm":"路径 1","mn":"ADBE Vector Shape - Group"},{"ty":"fl","fillEnabled":true,"c":{"k":[0.9725,0.8824,0.3216,1]},"o":{"k":100},"nm":"填充 1","mn":"ADBE Vector Graphic - Fill"},{"ty":"tr","p":{"k":[770,235.5],"ix":2},"a":{"k":[0,0],"ix":1},"s":{"k":[100,100],"ix":3},"r":{"k":0,"ix":6},"o":{"k":100,"ix":7},"sk":{"k":0,"ix":4},"sa":{"k":0,"ix":5},"nm":"变换"}],"nm":"组 3","np":2,"mn":"ADBE Vector Group"},{"ty":"gr","it":[{"ind":0,"ty":"sh","ks":{"k":{"i":[[0,0],[0,0],[0,0],[0,0]],"o":[[0,0],[0,0],[0,0],[0,0]],"v":[[-1,5.5],[1,5.5],[1,-5.5],[-1,-5.5]],"c":true}},"nm":"路径 1","mn":"ADBE Vector Shape - Group"},{"ty":"fl","fillEnabled":true,"c":{"k":[0.9725,0.8824,0.3216,1]},"o":{"k":100},"nm":"填充 1","mn":"ADBE Vector Graphic - Fill"},{"ty":"tr","p":{"k":[747,235.5],"ix":2},"a":{"k":[0,0],"ix":1},"s":{"k":[100,100],"ix":3},"r":{"k":0,"ix":6},"o":{"k":100,"ix":7},"sk":{"k":0,"ix":4},"sa":{"k":0,"ix":5},"nm":"变换"}],"nm":"组 4","np":2,"mn":"ADBE Vector Group"},{"ty":"gr","it":[{"ind":0,"ty":"sh","ks":{"k":{"i":[[0,0],[0,0],[0,0],[0,0]],"o":[[0,0],[0,0],[0,0],[0,0]],"v":[[-1,5.5],[1,5.5],[1,-5.5],[-1,-5.5]],"c":true}},"nm":"路径 1","mn":"ADBE Vector Shape - Group"},{"ty":"fl","fillEnabled":true,"c":{"k":[0.9725,0.8824,0.3216,1]},"o":{"k":100},"nm":"填充 1","mn":"ADBE Vector Graphic - Fill"},{"ty":"tr","p":{"k":[724,235.5],"ix":2},"a":{"k":[0,0],"ix":1},"s":{"k":[100,100],"ix":3},"r":{"k":0,"ix":6},"o":{"k":100,"ix":7},"sk":{"k":0,"ix":4},"sa":{"k":0,"ix":5},"nm":"变换"}],"nm":"组 5","np":2,"mn":"ADBE Vector Group"},{"ty":"gr","it":[{"ind":0,"ty":"sh","ks":{"k":{"i":[[0,0],[0,0],[0,0],[0,0]],"o":[[0,0],[0,0],[0,0],[0,0]],"v":[[-1,5.5],[1,5.5],[1,-5.5],[-1,-5.5]],"c":true}},"nm":"路径 1","mn":"ADBE Vector Shape - Group"},{"ty":"fl","fillEnabled":true,"c":{"k":[0.9725,0.8824,0.3216,1]},"o":{"k":100},"nm":"填充 1","mn":"ADBE Vector Graphic - Fill"},{"ty":"tr","p":{"k":[700,235.5],"ix":2},"a":{"k":[0,0],"ix":1},"s":{"k":[100,100],"ix":3},"r":{"k":0,"ix":6},"o":{"k":100,"ix":7},"sk":{"k":0,"ix":4},"sa":{"k":0,"ix":5},"nm":"变换"}],"nm":"组 6","np":2,"mn":"ADBE Vector Group"},{"ty":"gr","it":[{"ind":0,"ty":"sh","ks":{"k":{"i":[[0,0],[0,0],[0,0],[0,0]],"o":[[0,0],[0,0],[0,0],[0,0]],"v":[[-1,5.5],[1,5.5],[1,-5.5],[-1,-5.5]],"c":true}},"nm":"路径 1","mn":"ADBE Vector Shape - Group"},{"ty":"fl","fillEnabled":true,"c":{"k":[0.9725,0.8824,0.3216,1]},"o":{"k":100},"nm":"填充 1","mn":"ADBE Vector Graphic - Fill"},{"ty":"tr","p":{"k":[675,235.5],"ix":2},"a":{"k":[0,0],"ix":1},"s":{"k":[100,100],"ix":3},"r":{"k":0,"ix":6},"o":{"k":100,"ix":7},"sk":{"k":0,"ix":4},"sa":{"k":0,"ix":5},"nm":"变换"}],"nm":"组 7","np":2,"mn":"ADBE Vector Group"},{"ty":"gr","it":[{"ind":0,"ty":"sh","ks":{"k":{"i":[[0,0],[0,0],[0,0],[0,0]],"o":[[0,0],[0,0],[0,0],[0,0]],"v":[[-1,5.5],[1,5.5],[1,-5.5],[-1,-5.5]],"c":true}},"nm":"路径 1","mn":"ADBE Vector Shape - Group"},{"ty":"fl","fillEnabled":true,"c":{"k":[0.9725,0.8824,0.3216,1]},"o":{"k":100},"nm":"填充 1","mn":"ADBE Vector Graphic - Fill"},{"ty":"tr","p":{"k":[654,235.5],"ix":2},"a":{"k":[0,0],"ix":1},"s":{"k":[100,100],"ix":3},"r":{"k":0,"ix":6},"o":{"k":100,"ix":7},"sk":{"k":0,"ix":4},"sa":{"k":0,"ix":5},"nm":"变换"}],"nm":"组 8","np":2,"mn":"ADBE Vector Group"},{"ty":"gr","it":[{"ind":0,"ty":"sh","ks":{"k":{"i":[[0,0],[0,0],[0,0],[0,0]],"o":[[0,0],[0,0],[0,0],[0,0]],"v":[[-1,5.5],[1,5.5],[1,-5.5],[-1,-5.5]],"c":true}},"nm":"路径 1","mn":"ADBE Vector Shape - Group"},{"ty":"fl","fillEnabled":true,"c":{"k":[0.9725,0.8824,0.3216,1]},"o":{"k":100},"nm":"填充 1","mn":"ADBE Vector Graphic - Fill"},{"ty":"tr","p":{"k":[631,235.5],"ix":2},"a":{"k":[0,0],"ix":1},"s":{"k":[100,100],"ix":3},"r":{"k":0,"ix":6},"o":{"k":100,"ix":7},"sk":{"k":0,"ix":4},"sa":{"k":0,"ix":5},"nm":"变换"}],"nm":"组 9","np":2,"mn":"ADBE Vector Group"}],"ip":0,"op":140,"st":0,"bm":0,"sr":1},{"ddd":0,"ind":30,"ty":4,"nm":"“图层 14”轮廓","ks":{"o":{"k":100},"r":{"k":0},"p":{"k":[371.5,221,0]},"a":{"k":[417.5,314,0]},"s":{"k":[100,100,100]}},"ao":0,"shapes":[{"ty":"gr","it":[{"ind":0,"ty":"sh","ks":{"k":{"i":[[0,0],[0,0],[0,0],[0,0]],"o":[[0,0],[0,0],[0,0],[0,0]],"v":[[55,-11],[-55,-11],[-55,11],[55,11]],"c":true}},"nm":"路径 1","mn":"ADBE Vector Shape - Group"},{"ind":1,"ty":"sh","ks":{"k":{"i":[[0,0],[0,0],[0,0],[0,0]],"o":[[0,0],[0,0],[0,0],[0,0]],"v":[[52,8],[-52,8],[-52,-8],[52,-8]],"c":true}},"nm":"路径 2","mn":"ADBE Vector Shape - Group"},{"ty":"mm","mm":1,"nm":"合并路径 1","mn":"ADBE Vector Filter - Merge"},{"ty":"fl","fillEnabled":true,"c":{"k":[1,0.5569,0.2275,1]},"o":{"k":100},"nm":"填充 1","mn":"ADBE Vector Graphic - Fill"},{"ty":"tr","p":{"k":[759,437],"ix":2},"a":{"k":[0,0],"ix":1},"s":{"k":[100,100],"ix":3},"r":{"k":0,"ix":6},"o":{"k":100,"ix":7},"sk":{"k":0,"ix":4},"sa":{"k":0,"ix":5},"nm":"变换"}],"nm":"组 1","np":4,"mn":"ADBE Vector Group"},{"ty":"gr","it":[{"ind":0,"ty":"sh","ks":{"k":{"i":[[0,0],[0,0],[0,0],[0,0]],"o":[[0,0],[0,0],[0,0],[0,0]],"v":[[-53.5,-9.5],[53.5,-9.5],[53.5,9.5],[-53.5,9.5]],"c":true}},"nm":"路径 1","mn":"ADBE Vector Shape - Group"},{"ty":"fl","fillEnabled":true,"c":{"k":[0.9961,0.9608,0.7412,1]},"o":{"k":100},"nm":"填充 1","mn":"ADBE Vector Graphic - Fill"},{"ty":"tr","p":{"k":[759,437],"ix":2},"a":{"k":[0,0],"ix":1},"s":{"k":[100,100],"ix":3},"r":{"k":0,"ix":6},"o":{"k":100,"ix":7},"sk":{"k":0,"ix":4},"sa":{"k":0,"ix":5},"nm":"变换"}],"nm":"组 2","np":2,"mn":"ADBE Vector Group"}],"ip":0,"op":140,"st":0,"bm":0,"sr":1},{"ddd":0,"ind":31,"ty":4,"nm":"“图层 15”轮廓","ks":{"o":{"k":100},"r":{"k":0},"p":{"k":[371.5,221,0]},"a":{"k":[417.5,314,0]},"s":{"k":[100,100,100]}},"ao":0,"shapes":[{"ty":"gr","it":[{"ind":0,"ty":"sh","ks":{"k":{"i":[[0,0],[0,0],[0,0],[0,0]],"o":[[0,0],[0,0],[0,0],[0,0]],"v":[[39,-7],[-39,-7],[-39,7],[39,7]],"c":true}},"nm":"路径 1","mn":"ADBE Vector Shape - Group"},{"ind":1,"ty":"sh","ks":{"k":{"i":[[0,0],[0,0],[0,0],[0,0]],"o":[[0,0],[0,0],[0,0],[0,0]],"v":[[36,4],[-36,4],[-36,-4],[36,-4]],"c":true}},"nm":"路径 2","mn":"ADBE Vector Shape - Group"},{"ty":"mm","mm":1,"nm":"合并路径 1","mn":"ADBE Vector Filter - Merge"},{"ty":"fl","fillEnabled":true,"c":{"k":[1,0.5569,0.2275,1]},"o":{"k":100},"nm":"填充 1","mn":"ADBE Vector Graphic - Fill"},{"ty":"tr","p":{"k":[760,423],"ix":2},"a":{"k":[0,0],"ix":1},"s":{"k":[100,100],"ix":3},"r":{"k":0,"ix":6},"o":{"k":100,"ix":7},"sk":{"k":0,"ix":4},"sa":{"k":0,"ix":5},"nm":"变换"}],"nm":"组 1","np":4,"mn":"ADBE Vector Group"},{"ty":"gr","it":[{"ind":0,"ty":"sh","ks":{"k":{"i":[[0,0],[0,0],[0,0],[0,0]],"o":[[0,0],[0,0],[0,0],[0,0]],"v":[[-37.5,-5.5],[37.5,-5.5],[37.5,5.5],[-37.5,5.5]],"c":true}},"nm":"路径 1","mn":"ADBE Vector Shape - Group"},{"ty":"fl","fillEnabled":true,"c":{"k":[0.9961,0.9608,0.7412,1]},"o":{"k":100},"nm":"填充 1","mn":"ADBE Vector Graphic - Fill"},{"ty":"tr","p":{"k":[760,423],"ix":2},"a":{"k":[0,0],"ix":1},"s":{"k":[100,100],"ix":3},"r":{"k":0,"ix":6},"o":{"k":100,"ix":7},"sk":{"k":0,"ix":4},"sa":{"k":0,"ix":5},"nm":"变换"}],"nm":"组 2","np":2,"mn":"ADBE Vector Group"}],"ip":0,"op":140,"st":0,"bm":0,"sr":1},{"ddd":0,"ind":32,"ty":4,"nm":"“图层 16”轮廓","ks":{"o":{"k":100},"r":{"k":0},"p":{"k":[371.5,221,0]},"a":{"k":[417.5,314,0]},"s":{"k":[100,100,100]}},"ao":0,"shapes":[{"ty":"gr","it":[{"ind":0,"ty":"sh","ks":{"k":{"i":[[0,0],[0,0],[0,0],[0,0]],"o":[[0,0],[0,0],[0,0],[0,0]],"v":[[26,-12.5],[-26,-12.5],[-26,12.5],[26,12.5]],"c":true}},"nm":"路径 1","mn":"ADBE Vector Shape - Group"},{"ind":1,"ty":"sh","ks":{"k":{"i":[[0,0],[0,0],[0,0],[0,0]],"o":[[0,0],[0,0],[0,0],[0,0]],"v":[[23,9.5],[-23,9.5],[-23,-9.5],[23,-9.5]],"c":true}},"nm":"路径 2","mn":"ADBE Vector Shape - Group"},{"ty":"mm","mm":1,"nm":"合并路径 1","mn":"ADBE Vector Filter - Merge"},{"ty":"fl","fillEnabled":true,"c":{"k":[1,0.5569,0.2275,1]},"o":{"k":100},"nm":"填充 1","mn":"ADBE Vector Graphic - Fill"},{"ty":"tr","p":{"k":[760,406.5],"ix":2},"a":{"k":[0,0],"ix":1},"s":{"k":[100,100],"ix":3},"r":{"k":0,"ix":6},"o":{"k":100,"ix":7},"sk":{"k":0,"ix":4},"sa":{"k":0,"ix":5},"nm":"变换"}],"nm":"组 1","np":4,"mn":"ADBE Vector Group"},{"ty":"gr","it":[{"ind":0,"ty":"sh","ks":{"k":{"i":[[0,0],[0,0],[0,0],[0,0]],"o":[[0,0],[0,0],[0,0],[0,0]],"v":[[-24.5,-11],[24.5,-11],[24.5,11],[-24.5,11]],"c":true}},"nm":"路径 1","mn":"ADBE Vector Shape - Group"},{"ty":"fl","fillEnabled":true,"c":{"k":[0.9961,0.9608,0.7412,1]},"o":{"k":100},"nm":"填充 1","mn":"ADBE Vector Graphic - Fill"},{"ty":"tr","p":{"k":[760,406.5],"ix":2},"a":{"k":[0,0],"ix":1},"s":{"k":[100,100],"ix":3},"r":{"k":0,"ix":6},"o":{"k":100,"ix":7},"sk":{"k":0,"ix":4},"sa":{"k":0,"ix":5},"nm":"变换"}],"nm":"组 2","np":2,"mn":"ADBE Vector Group"}],"ip":0,"op":140,"st":0,"bm":0,"sr":1},{"ddd":0,"ind":33,"ty":4,"nm":"“图层 17”轮廓","ks":{"o":{"k":100},"r":{"k":0},"p":{"k":[371.5,221,0]},"a":{"k":[417.5,314,0]},"s":{"k":[100,100,100]}},"ao":0,"shapes":[{"ty":"gr","it":[{"ind":0,"ty":"sh","ks":{"k":{"i":[[0,0],[0,0],[0,0],[0,0],[0,0],[0,0],[0,0],[0,0],[0,0],[0,0],[0,0]],"o":[[0,0],[0,0],[0,0],[0,0],[0,0],[0,0],[0,0],[0,0],[0,0],[0,0],[0,0]],"v":[[-112.625,6.125],[-93.375,-6.125],[-68.375,5.875],[-48.375,-6.125],[-22.375,5.875],[0.625,-6.125],[23.625,5.875],[46.625,-6.125],[67.625,5.875],[90.625,-6.125],[112.625,5.875]],"c":false}},"nm":"路径 1","mn":"ADBE Vector Shape - Group"},{"ty":"st","fillEnabled":true,"c":{"k":[0.9725,0.8824,0.3216,1]},"o":{"k":100},"w":{"k":2},"lc":1,"lj":1,"ml":10,"nm":"描边 1","mn":"ADBE Vector Graphic - Stroke"},{"ty":"tr","p":{"k":[722.875,236.375],"ix":2},"a":{"k":[0,0],"ix":1},"s":{"k":[100,100],"ix":3},"r":{"k":0,"ix":6},"o":{"k":100,"ix":7},"sk":{"k":0,"ix":4},"sa":{"k":0,"ix":5},"nm":"变换"}],"nm":"组 1","np":2,"mn":"ADBE Vector Group"}],"ip":0,"op":140,"st":0,"bm":0,"sr":1},{"ddd":0,"ind":34,"ty":4,"nm":"新沟子","ks":{"o":{"k":100},"r":{"k":[{"i":{"x":[0.833],"y":[0.833]},"o":{"x":[0.167],"y":[0.167]},"n":["0p833_0p833_0p167_0p167"],"t":18,"s":[0],"e":[-14]},{"i":{"x":[0.833],"y":[0.833]},"o":{"x":[0.167],"y":[0.167]},"n":["0p833_0p833_0p167_0p167"],"t":25,"s":[-14],"e":[9]},{"i":{"x":[0.833],"y":[0.833]},"o":{"x":[0.167],"y":[0.167]},"n":["0p833_0p833_0p167_0p167"],"t":30,"s":[9],"e":[-14]},{"i":{"x":[0.833],"y":[0.833]},"o":{"x":[0.167],"y":[0.167]},"n":["0p833_0p833_0p167_0p167"],"t":35,"s":[-14],"e":[4]},{"i":{"x":[0.833],"y":[0.833]},"o":{"x":[0.167],"y":[0.167]},"n":["0p833_0p833_0p167_0p167"],"t":39,"s":[4],"e":[0]},{"i":{"x":[0.833],"y":[0.833]},"o":{"x":[0.167],"y":[0.167]},"n":["0p833_0p833_0p167_0p167"],"t":42,"s":[0],"e":[-99]},{"t":44}]},"p":{"k":[{"i":{"x":0.833,"y":0.833},"o":{"x":1,"y":0.012},"n":"0p833_0p833_1_0p012","t":0,"s":[537.938,182.156,0],"e":[539.219,249.156,0],"to":[0.21354167163372,11.1666669845581,0],"ti":[-4.70428718202243e-9,-11.2008962631226,0]},{"i":{"x":1,"y":1},"o":{"x":0.167,"y":0},"n":"1_1_0p167_0","t":20,"s":[539.219,249.156,0],"e":[542.875,249.156,0],"to":[1.74996683810491e-11,0.04166666790843,0],"ti":[-0.875,0,0]},{"i":{"x":1,"y":1},"o":{"x":0.167,"y":0},"n":"1_1_0p167_0","t":25,"s":[542.875,249.156,0],"e":[535.188,249.656,0],"to":[0.875,0,0],"ti":[0,0,0]},{"i":{"x":1,"y":1},"o":{"x":0.167,"y":0},"n":"1_1_0p167_0","t":30,"s":[535.188,249.656,0],"e":[539.812,249.281,0],"to":[0,0,0],"ti":[0,0,0]},{"i":{"x":1,"y":1},"o":{"x":0.167,"y":0},"n":"1_1_0p167_0","t":35,"s":[539.812,249.281,0],"e":[536.812,249.281,0],"to":[0,0,0],"ti":[0,0,0]},{"i":{"x":1,"y":1},"o":{"x":0.167,"y":0},"n":"1_1_0p167_0","t":39,"s":[536.812,249.281,0],"e":[538.062,249.531,0],"to":[0,0,0],"ti":[0,0,0]},{"i":{"x":1,"y":1},"o":{"x":0.167,"y":0},"n":"1_1_0p167_0","t":42,"s":[538.062,249.531,0],"e":[538.125,250.875,0],"to":[0,0,0],"ti":[0,0,0]},{"t":44}]},"a":{"k":[0.031,-10.938,0]},"s":{"k":[100,100,100]}},"ao":0,"shapes":[{"ind":0,"ty":"sh","ks":{"k":{"i":[[6.075,0],[0.506,5.606],[0,0],[-4.632,0],[0,4.971],[4.971,0],[0,0],[0,-6.075]],"o":[[-5.737,0],[0,0],[0.498,4.499],[4.971,0],[0,-4.971],[0,0],[6.075,0],[0,6.075]],"v":[[-0.025,11],[-10.975,1],[-8.967,1],[-0.025,9],[8.975,0],[-0.025,-9],[-0.025,-11],[10.975,0]],"c":true}},"nm":"路径 1","mn":"ADBE Vector Shape - Group"},{"ty":"fl","fillEnabled":true,"c":{"k":[1,0.5569,0.2275,1]},"o":{"k":100},"nm":"填充 1","mn":"ADBE Vector Graphic - Fill"}],"ip":0,"op":140,"st":0,"bm":0,"sr":1},{"ddd":0,"ind":36,"ty":4,"nm":"绳子","ks":{"o":{"k":100},"r":{"k":[{"i":{"x":[0.833],"y":[0.833]},"o":{"x":[0.167],"y":[0.167]},"n":["0p833_0p833_0p167_0p167"],"t":18,"s":[0],"e":[-3]},{"i":{"x":[0.833],"y":[0.833]},"o":{"x":[0.167],"y":[0.167]},"n":["0p833_0p833_0p167_0p167"],"t":25,"s":[-3],"e":[2]},{"i":{"x":[0.833],"y":[0.833]},"o":{"x":[0.167],"y":[0.167]},"n":["0p833_0p833_0p167_0p167"],"t":30,"s":[2],"e":[-1]},{"i":{"x":[0.833],"y":[0.833]},"o":{"x":[0.167],"y":[0.167]},"n":["0p833_0p833_0p167_0p167"],"t":35,"s":[-1],"e":[1]},{"i":{"x":[0.833],"y":[0.833]},"o":{"x":[0.167],"y":[0.167]},"n":["0p833_0p833_0p167_0p167"],"t":39,"s":[1],"e":[0]},{"t":42}]},"p":{"k":[539.125,161.063,0]},"a":{"k":[585.125,253.698,0]},"s":{"k":[{"i":{"x":[0.833,0.833,0.833],"y":[0.833,0.833,0.833]},"o":{"x":[0.363,1,0.333],"y":[0.363,0.011,0.333]},"n":["0p833_0p833_0p363_0p363","0p833_0p833_1_0p011","0p833_0p833_0p333_0p333"],"t":0,"s":[100,24,100],"e":[100,96,100]},{"t":20}]}},"ao":0,"shapes":[{"ty":"gr","it":[{"ind":0,"ty":"sh","ks":{"k":{"i":[[0,0],[0,0],[0,0],[0,0]],"o":[[0,0],[0,0],[0,0],[0,0]],"v":[[1,-46.5],[-1,-46.5],[-1,46.5],[1,46.5]],"c":true}},"nm":"路径 1","mn":"ADBE Vector Shape - Group"},{"ty":"fl","fillEnabled":true,"c":{"k":[1,0.5569,0.2275,1]},"o":{"k":100},"nm":"填充 1","mn":"ADBE Vector Graphic - Fill"},{"ty":"tr","p":{"k":[585,300.5],"ix":2},"a":{"k":[0,0],"ix":1},"s":{"k":[100,100],"ix":3},"r":{"k":0,"ix":6},"o":{"k":100,"ix":7},"sk":{"k":0,"ix":4},"sa":{"k":0,"ix":5},"nm":"变换"}],"nm":"组 1","np":2,"mn":"ADBE Vector Group"},{"ty":"gr","it":[{"ind":0,"ty":"sh","ks":{"k":{"i":[[0,0],[0,0],[0,0],[0,0]],"o":[[0,0],[0,0],[0,0],[0,0]],"v":[[1,46.5],[-1,46.5],[-1,-46.5],[1,-46.5]],"c":true}},"nm":"路径 1","mn":"ADBE Vector Shape - Group"},{"ty":"fl","fillEnabled":true,"c":{"k":[0.88,0.88,0.88,1]},"o":{"k":100},"nm":"填充 1","mn":"ADBE Vector Graphic - Fill"},{"ty":"tr","p":{"k":[585,300.5],"ix":2},"a":{"k":[0,0],"ix":1},"s":{"k":[100,100],"ix":3},"r":{"k":0,"ix":6},"o":{"k":100,"ix":7},"sk":{"k":0,"ix":4},"sa":{"k":0,"ix":5},"nm":"变换"}],"nm":"组 2","np":2,"mn":"ADBE Vector Group"}],"ip":0,"op":140,"st":0,"bm":0,"sr":1},{"ddd":0,"ind":37,"ty":4,"nm":"“图层 22”轮廓","ks":{"o":{"k":100},"r":{"k":0},"p":{"k":[371.5,221,0]},"a":{"k":[417.5,314,0]},"s":{"k":[100,100,100]}},"ao":0,"shapes":[{"ty":"gr","it":[{"ind":0,"ty":"sh","ks":{"k":{"i":[[0,0],[0,0],[0,0],[0,0],[0,0],[0,0],[0,0],[0,0],[0,0],[0,0],[0,0]],"o":[[0,0],[0,0],[0,0],[0,0],[0,0],[0,0],[0,0],[0,0],[0,0],[0,0],[0,0]],"v":[[-112.625,-6.125],[-93.375,6.125],[-68.375,-5.875],[-48.375,6.125],[-22.375,-5.875],[0.625,6.125],[23.625,-5.875],[46.625,6.125],[67.625,-5.875],[90.625,6.125],[112.625,-5.875]],"c":false}},"nm":"路径 1","mn":"ADBE Vector Shape - Group"},{"ty":"st","fillEnabled":true,"c":{"k":[0.9725,0.8824,0.3216,1]},"o":{"k":100},"w":{"k":2},"lc":1,"lj":1,"ml":10,"nm":"描边 1","mn":"ADBE Vector Graphic - Stroke"},{"ty":"tr","p":{"k":[722.875,236.375],"ix":2},"a":{"k":[0,0],"ix":1},"s":{"k":[100,100],"ix":3},"r":{"k":0,"ix":6},"o":{"k":100,"ix":7},"sk":{"k":0,"ix":4},"sa":{"k":0,"ix":5},"nm":"变换"}],"nm":"组 1","np":2,"mn":"ADBE Vector Group"}],"ip":0,"op":140,"st":0,"bm":0,"sr":1},{"ddd":0,"ind":38,"ty":4,"nm":"“图层 23”轮廓","ks":{"o":{"k":100},"r":{"k":0},"p":{"k":[371.5,221,0]},"a":{"k":[417.5,314,0]},"s":{"k":[100,100,100]}},"ao":0,"shapes":[{"ty":"gr","it":[{"ind":0,"ty":"sh","ks":{"k":{"i":[[0,0],[0,0],[0,0],[0,0]],"o":[[0,0],[0,0],[0,0],[0,0]],"v":[[25,-12.5],[-25,-12.5],[-25,12.5],[25,12.5]],"c":true}},"nm":"路径 1","mn":"ADBE Vector Shape - Group"},{"ind":1,"ty":"sh","ks":{"k":{"i":[[0,0],[0,0],[0,0],[0,0]],"o":[[0,0],[0,0],[0,0],[0,0]],"v":[[22,9.5],[-22,9.5],[-22,-9.5],[22,-9.5]],"c":true}},"nm":"路径 2","mn":"ADBE Vector Shape - Group"},{"ty":"mm","mm":1,"nm":"合并路径 1","mn":"ADBE Vector Filter - Merge"},{"ty":"fl","fillEnabled":true,"c":{"k":[1,0.5569,0.2275,1]},"o":{"k":100},"nm":"填充 1","mn":"ADBE Vector Graphic - Fill"},{"ty":"tr","p":{"k":[585,236.5],"ix":2},"a":{"k":[0,0],"ix":1},"s":{"k":[100,100],"ix":3},"r":{"k":0,"ix":6},"o":{"k":100,"ix":7},"sk":{"k":0,"ix":4},"sa":{"k":0,"ix":5},"nm":"变换"}],"nm":"组 1","np":4,"mn":"ADBE Vector Group"},{"ty":"gr","it":[{"ind":0,"ty":"sh","ks":{"k":{"i":[[0,0],[0,0],[0,0],[0,0]],"o":[[0,0],[0,0],[0,0],[0,0]],"v":[[-23.5,-11],[23.5,-11],[23.5,11],[-23.5,11]],"c":true}},"nm":"路径 1","mn":"ADBE Vector Shape - Group"},{"ty":"fl","fillEnabled":true,"c":{"k":[0.88,0.88,0.88,1]},"o":{"k":100},"nm":"填充 1","mn":"ADBE Vector Graphic - Fill"},{"ty":"tr","p":{"k":[585,236.5],"ix":2},"a":{"k":[0,0],"ix":1},"s":{"k":[100,100],"ix":3},"r":{"k":0,"ix":6},"o":{"k":100,"ix":7},"sk":{"k":0,"ix":4},"sa":{"k":0,"ix":5},"nm":"变换"}],"nm":"组 2","np":2,"mn":"ADBE Vector Group"}],"ip":0,"op":140,"st":0,"bm":0,"sr":1},{"ddd":0,"ind":39,"ty":4,"nm":"“图层 24”轮廓","ks":{"o":{"k":100},"r":{"k":0},"p":{"k":[371.5,221,0]},"a":{"k":[417.5,314,0]},"s":{"k":[100,100,100]}},"ao":0,"shapes":[{"ty":"gr","it":[{"ind":0,"ty":"sh","ks":{"k":{"i":[[0,0],[0,0],[0,0],[0,0]],"o":[[0,0],[0,0],[0,0],[0,0]],"v":[[8,-10],[-8,-10],[-8,10],[8,10]],"c":true}},"nm":"路径 1","mn":"ADBE Vector Shape - Group"},{"ind":1,"ty":"sh","ks":{"k":{"i":[[0,0],[0,0],[0,0],[0,0]],"o":[[0,0],[0,0],[0,0],[0,0]],"v":[[5,7],[-5,7],[-5,-7],[5,-7]],"c":true}},"nm":"路径 2","mn":"ADBE Vector Shape - Group"},{"ty":"mm","mm":1,"nm":"合并路径 1","mn":"ADBE Vector Filter - Merge"},{"ty":"fl","fillEnabled":true,"c":{"k":[1,0.5569,0.2275,1]},"o":{"k":100},"nm":"填充 1","mn":"ADBE Vector Graphic - Fill"},{"ty":"tr","p":{"k":[585,244],"ix":2},"a":{"k":[0,0],"ix":1},"s":{"k":[100,100],"ix":3},"r":{"k":0,"ix":6},"o":{"k":100,"ix":7},"sk":{"k":0,"ix":4},"sa":{"k":0,"ix":5},"nm":"变换"}],"nm":"组 1","np":4,"mn":"ADBE Vector Group"},{"ty":"gr","it":[{"ind":0,"ty":"sh","ks":{"k":{"i":[[0,0],[0,0],[0,0],[0,0]],"o":[[0,0],[0,0],[0,0],[0,0]],"v":[[-6.5,-8.5],[6.5,-8.5],[6.5,8.5],[-6.5,8.5]],"c":true}},"nm":"路径 1","mn":"ADBE Vector Shape - Group"},{"ty":"fl","fillEnabled":true,"c":{"k":[0.88,0.88,0.88,1]},"o":{"k":100},"nm":"填充 1","mn":"ADBE Vector Graphic - Fill"},{"ty":"tr","p":{"k":[585,244],"ix":2},"a":{"k":[0,0],"ix":1},"s":{"k":[100,100],"ix":3},"r":{"k":0,"ix":6},"o":{"k":100,"ix":7},"sk":{"k":0,"ix":4},"sa":{"k":0,"ix":5},"nm":"变换"}],"nm":"组 2","np":2,"mn":"ADBE Vector Group"}],"ip":0,"op":140,"st":0,"bm":0,"sr":1},{"ddd":0,"ind":40,"ty":4,"nm":"云","ks":{"o":{"k":40},"r":{"k":0},"p":{"k":[{"i":{"x":0.833,"y":0.833},"o":{"x":0.167,"y":0.167},"n":"0p833_0p833_0p167_0p167","t":0,"s":[641,59,0],"e":[661,59,0],"to":[3.33333325386047,0,0],"ti":[-3.33333325386047,0,0]},{"t":75}]},"a":{"k":[685.5,156,0]},"s":{"k":[100,100,100]}},"ao":0,"shapes":[{"ty":"gr","it":[{"ind":0,"ty":"sh","ks":{"k":{"i":[[6.84,-0.76],[4.18,0],[1.131,-2.51],[-0.76,-4.18],[-8.395,0],[-0.734,4.771]],"o":[[-1.258,-2.122],[-2.932,0],[-4.56,0],[0.864,4.749],[8.395,0],[0.76,-4.94]],"v":[[5.32,-4.94],[-1.14,-9.5],[-7.6,-4.18],[-15.2,2.28],[0,9.5],[15.2,2.28]],"c":true}},"nm":"路径 1","mn":"ADBE Vector Shape - Group"},{"ty":"st","fillEnabled":true,"c":{"k":[0.37,0.37,0.37,1]},"o":{"k":100},"w":{"k":2},"lc":1,"lj":1,"ml":10,"nm":"描边 1","mn":"ADBE Vector Graphic - Stroke"},{"ty":"fl","fillEnabled":true,"c":{"k":[1,1,1,1]},"o":{"k":100},"nm":"填充 1","mn":"ADBE Vector Graphic - Fill"},{"ty":"tr","p":{"k":[687.169,154.5],"ix":2},"a":{"k":[0,0],"ix":1},"s":{"k":[100,100],"ix":3},"r":{"k":0,"ix":6},"o":{"k":100,"ix":7},"sk":{"k":0,"ix":4},"sa":{"k":0,"ix":5},"nm":"变换"}],"nm":"组 1","np":3,"mn":"ADBE Vector Group"}],"ip":0,"op":140,"st":0,"bm":0,"sr":1},{"ddd":0,"ind":41,"ty":4,"nm":"云1","ks":{"o":{"k":53},"r":{"k":0},"p":{"k":[{"i":{"x":0.833,"y":0.833},"o":{"x":0.167,"y":0.167},"n":"0p833_0p833_0p167_0p167","t":0,"s":[190,160,0],"e":[220,160,0],"to":[5,0,0],"ti":[-5,0,0]},{"t":75}]},"a":{"k":[235.5,256,0]},"s":{"k":[100,100,100]}},"ao":0,"shapes":[{"ty":"gr","it":[{"ind":0,"ty":"sh","ks":{"k":{"i":[[9,-1],[5.5,0],[1.488,-3.303],[-1,-5.5],[-11.046,0],[-0.966,6.277]],"o":[[-1.655,-2.792],[-3.858,0],[-6,0],[1.136,6.249],[11.046,0],[1,-6.5]],"v":[[7,-6.5],[-1.5,-12.5],[-10,-5.5],[-20,3],[0,12.5],[20,3]],"c":true}},"nm":"路径 1","mn":"ADBE Vector Shape - Group"},{"ty":"st","fillEnabled":true,"c":{"k":[0.37,0.37,0.37,1]},"o":{"k":100},"w":{"k":2},"lc":1,"lj":1,"ml":10,"nm":"描边 1","mn":"ADBE Vector Graphic - Stroke"},{"ty":"fl","fillEnabled":true,"c":{"k":[1,1,1,1]},"o":{"k":100},"nm":"填充 1","mn":"ADBE Vector Graphic - Fill"},{"ty":"tr","p":{"k":[236,254.5],"ix":2},"a":{"k":[0,0],"ix":1},"s":{"k":[100,100],"ix":3},"r":{"k":0,"ix":6},"o":{"k":100,"ix":7},"sk":{"k":0,"ix":4},"sa":{"k":0,"ix":5},"nm":"变换"}],"nm":"组 1","np":3,"mn":"ADBE Vector Group"}],"ip":0,"op":140,"st":0,"bm":0,"sr":1},{"ddd":0,"ind":42,"ty":4,"nm":"楼房","ks":{"o":{"k":100},"r":{"k":0},"p":{"k":[393.5,187,0]},"a":{"k":[0,0,0]},"s":{"k":[100,100,100]}},"ao":0,"shapes":[{"ind":0,"ty":"sh","ks":{"k":{"i":[[0,0],[204.069,0],[0,6.628],[-0.654,0.292],[0,0],[0,0],[0,0],[0,0],[0,0],[0,0],[0,0],[0,0],[0,0],[0,0],[0,0],[0,0],[0,0],[0,0],[0,0],[0,0],[0,0],[0,0],[0,0],[0,0],[0,0],[0,0],[0,0],[0,0],[0,0],[0,0],[0,0],[0,0],[0,0],[0,0],[0,0],[0,0],[0,0],[0,0],[0,0],[0,0],[0,0],[0,0],[0,0],[0,0],[0,0],[0,0],[0,0],[0,0],[0,0],[0,0],[0,0],[0,0],[0,0],[0,0],[0,0],[0,0],[0,0],[0,0],[0,0],[0,0],[0,0],[0,0],[0,0],[0,0],[0,0],[0,0],[0,0],[0,0],[0,0],[0,0],[0,0],[0,0],[0,0],[0,0],[0,0],[0,0],[0,0],[0,0],[0,0],[0,0],[0,0],[0,0],[0,0],[0,0],[0,0],[0,0],[0,0],[0,0],[0,0],[0,0],[0,0],[0,0],[0,0],[0,0],[0,0],[0,0],[0,0],[0,0],[0,0],[0,0],[0,0],[0,0],[0,0],[0,0],[0,0],[0,0],[0,0],[0,0],[0,0],[0,0],[0,0],[0,0],[0,0],[0,0],[0,0],[0,0],[0,0],[0,0],[0,0],[0,0],[0,0],[0,0],[0,0],[0,0],[0,0],[0,0],[0,0],[0,0],[0,0],[0,0],[0,0],[0,0],[0,0],[0,0],[0,0],[0,0],[0,0],[0,0],[0,0],[0,0],[0,0],[0,0],[0,0],[0,0],[0,0],[0,0],[0,0],[0,0],[0,0],[0,0],[0,0],[0,0],[0,0],[0,0],[0,0],[0,0],[0,0],[0,0],[0,0],[0,0],[0,0],[0,0],[0,0]],"o":[[0,6.628],[-204.069,0],[0,-0.297],[0,0],[0,0],[0,0],[0,0],[0,0],[0,0],[0,0],[0,0],[0,0],[0,0],[0,0],[0,0],[0,0],[0,0],[0,0],[0,0],[0,0],[0,0],[0,0],[0,0],[0,0],[0,0],[0,0],[0,0],[0,0],[0,0],[0,0],[0,0],[0,0],[0,0],[0,0],[0,0],[0,0],[0,0],[0,0],[0,0],[0,0],[0,0],[0,0],[0,0],[0,0],[0,0],[0,0],[0,0],[0,0],[0,0],[0,0],[0,0],[0,0],[0,0],[0,0],[0,0],[0,0],[0,0],[0,0],[0,0],[0,0],[0,0],[0,0],[0,0],[0,0],[0,0],[0,0],[0,0],[0,0],[0,0],[0,0],[0,0],[0,0],[0,0],[0,0],[0,0],[0,0],[0,0],[0,0],[0,0],[0,0],[0,0],[0,0],[0,0],[0,0],[0,0],[0,0],[0,0],[0,0],[0,0],[0,0],[0,0],[0,0],[0,0],[0,0],[0,0],[0,0],[0,0],[0,0],[0,0],[0,0],[0,0],[0,0],[0,0],[0,0],[0,0],[0,0],[0,0],[0,0],[0,0],[0,0],[0,0],[0,0],[0,0],[0,0],[0,0],[0,0],[0,0],[0,0],[0,0],[0,0],[0,0],[0,0],[0,0],[0,0],[0,0],[0,0],[0,0],[0,0],[0,0],[0,0],[0,0],[0,0],[0,0],[0,0],[0,0],[0,0],[0,0],[0,0],[0,0],[0,0],[0,0],[0,0],[0,0],[0,0],[0,0],[0,0],[0,0],[0,0],[0,0],[0,0],[0,0],[0,0],[0,0],[0,0],[0,0],[0,0],[0,0],[0,0],[0,0],[0,0],[0,0],[0,0],[0,0]],"v":[[369,156],[-0.5,169],[-370,156],[-369,155.116],[-369,137.068],[-369,108.67],[-358.869,108.67],[-358.869,103.937],[-344.473,103.937],[-344.473,108.67],[-341.274,108.67],[-341.274,110.248],[-336.475,110.248],[-336.475,100.781],[-333.276,100.781],[-333.276,97.626],[-318.88,97.626],[-318.88,100.781],[-317.281,100.781],[-317.281,50.296],[-315.681,50.296],[-315.681,45.563],[-301.285,45.563],[-301.285,50.296],[-293.287,50.296],[-293.287,78.694],[-283.69,78.694],[-283.69,28.209],[-278.891,28.209],[-278.891,20.32],[-269.294,20.32],[-269.294,10.854],[-254.897,10.854],[-254.897,28.209],[-245.3,28.209],[-245.3,92.893],[-234.103,92.893],[-234.103,39.252],[-226.105,39.252],[-226.105,18.743],[-205.311,18.743],[-205.311,39.252],[-200.512,39.252],[-200.512,-39.631],[-194.114,-39.631],[-194.114,-49.097],[-192.514,-49.097],[-192.514,-69.607],[-189.315,-69.607],[-189.315,-74.34],[-187.716,-74.34],[-187.716,-110.626],[-182.917,-110.626],[-182.917,-74.34],[-181.317,-74.34],[-181.317,-69.607],[-178.118,-69.607],[-178.118,-49.097],[-176.519,-49.097],[-176.519,-39.631],[-170.121,-39.631],[-170.121,50.296],[-165.322,50.296],[-165.322,-115.359],[-146.127,-115.359],[-146.127,-126.403],[-130.131,-131.136],[-130.131,-137.447],[-115.735,-142.18],[-112.536,-142.18],[-112.536,-115.359],[-109.337,-115.359],[-109.337,20.32],[-102.939,20.32],[-102.939,-61.718],[-86.943,-61.718],[-86.943,-72.762],[-80.545,-72.762],[-80.545,-71.184],[-74.147,-71.184],[-74.147,-69.607],[-66.149,-69.607],[-66.149,48.719],[-53.352,48.719],[-53.352,-39.631],[-43.755,-39.631],[-43.755,-69.607],[-38.956,-69.607],[-38.956,-105.893],[-32.558,-105.893],[-32.558,-116.937],[-22.96,-116.937],[-22.96,-169],[-18.162,-169],[-18.162,-116.937],[-8.564,-116.937],[-8.564,-105.893],[-2.166,-105.893],[-2.166,-69.607],[2.633,-69.607],[2.633,-39.631],[10.631,-39.631],[10.631,64.495],[18.628,64.495],[18.628,7.699],[26.626,7.699],[26.626,-15.966],[42.622,-15.966],[42.622,-42.786],[58.618,-42.786],[58.618,7.699],[79.412,7.699],[79.412,66.073],[85.81,66.073],[85.81,-56.985],[114.602,-64.874],[114.602,-79.073],[138.596,-72.762],[138.596,34.519],[146.594,34.519],[146.594,-58.563],[170.587,-79.073],[194.581,-58.563],[194.581,72.383],[204.178,72.383],[204.178,34.519],[216.975,-55.408],[228.172,34.519],[228.172,50.296],[231.371,50.296],[231.371,20.32],[239.369,20.32],[239.369,-0.189],[252.165,-0.189],[252.165,12.432],[261.763,12.432],[261.763,50.296],[264.962,50.296],[264.962,92.893],[274.559,92.893],[274.559,64.495],[279.358,64.495],[279.358,55.029],[296.953,55.029],[296.953,64.495],[301.752,64.495],[301.752,97.626],[304.951,97.626],[304.951,89.738],[306.55,89.738],[306.55,85.005],[312.949,85.005],[312.949,81.85],[324.146,81.85],[324.146,89.738],[328.945,89.738],[328.945,94.471],[341.741,94.471],[341.741,100.781],[348.139,100.781],[348.139,85.005],[370,85.005],[370,156]],"c":true}},"nm":"路径 1","mn":"ADBE Vector Shape - Group"},{"ty":"fl","fillEnabled":true,"c":{"k":[0.94,0.94,0.94,1]},"o":{"k":100},"nm":"填充 1","mn":"ADBE Vector Graphic - Fill"}],"ip":0,"op":140,"st":0,"bm":0,"sr":1}],"v":"4.5.3","ddd":0,"ip":0,"op":75,"fr":25,"w":816,"h":372}